<?xml version="1.0" encoding="UTF-8"?>
<kml xmlns="http://www.opengis.net/kml/2.2">
  <Document>
    <name>Pipeline Alignment</name>
    <Style id="line-01579B-2550-normal">
      <LineStyle>
        <color>ff9b5701</color>
        <width>2.55</width>
      </LineStyle>
    </Style>
    <Style id="line-01579B-2550-highlight">
      <LineStyle>
        <color>ff9b5701</color>
        <width>3.825</width>
      </LineStyle>
    </Style>
    <StyleMap id="line-01579B-2550">
      <Pair>
        <key>normal</key>
        <styleUrl>#line-01579B-2550-normal</styleUrl>
      </Pair>
      <Pair>
        <key>highlight</key>
        <styleUrl>#line-01579B-2550-highlight</styleUrl>
      </Pair>
    </StyleMap>
    <Style id="line-01579B-2550-nodesc-normal">
      <LineStyle>
        <color>ff9b5701</color>
        <width>2.55</width>
      </LineStyle>
      <BalloonStyle>
        <text><![CDATA[<h3>$[name]</h3>]]></text>
      </BalloonStyle>
    </Style>
    <Style id="line-01579B-2550-nodesc-highlight">
      <LineStyle>
        <color>ff9b5701</color>
        <width>3.825</width>
      </LineStyle>
      <BalloonStyle>
        <text><![CDATA[<h3>$[name]</h3>]]></text>
      </BalloonStyle>
    </Style>
    <StyleMap id="line-01579B-2550-nodesc">
      <Pair>
        <key>normal</key>
        <styleUrl>#line-01579B-2550-nodesc-normal</styleUrl>
      </Pair>
      <Pair>
        <key>highlight</key>
        <styleUrl>#line-01579B-2550-nodesc-highlight</styleUrl>
      </Pair>
    </StyleMap>
    <Placemark>
      <name/>
      <description><![CDATA[CreationDate   4/1/2024 4:42:16 PM    <br>   Creator   jhlebasko    <br>   EditDate   4/1/2024 4:42:16 PM    <br>   Editor   jhlebasko]]></description>
      <styleUrl>#line-01579B-2550</styleUrl>
      <LineString>
        <tessellate>1</tessellate>
        <coordinates>
          -111.921812,41.237081,0
          -111.921859,41.23708,0
          -111.921929,41.237076,0
          -111.921998,41.237068,0
          -111.922066,41.237055,0
          -111.922132,41.237038,0
          -111.922166,41.237029,0
        </coordinates>
      </LineString>
    </Placemark>
    <Placemark>
      <name/>
      <description><![CDATA[CreationDate   4/1/2024 4:42:16 PM    <br>   Creator   jhlebasko    <br>   EditDate   4/1/2024 4:42:16 PM    <br>   Editor   jhlebasko]]></description>
      <styleUrl>#line-01579B-2550</styleUrl>
      <LineString>
        <tessellate>1</tessellate>
        <coordinates>
          -111.920358,41.237114,0
          -111.920721,41.237105,0
        </coordinates>
      </LineString>
    </Placemark>
    <Placemark>
      <name/>
      <description><![CDATA[CreationDate   4/1/2024 4:42:16 PM    <br>   Creator   jhlebasko    <br>   EditDate   4/1/2024 4:42:16 PM    <br>   Editor   jhlebasko]]></description>
      <styleUrl>#line-01579B-2550</styleUrl>
      <LineString>
        <tessellate>1</tessellate>
        <coordinates>
          -111.920721,41.237105,0
          -111.92086,41.237102,0
          -111.921085,41.237097,0
        </coordinates>
      </LineString>
    </Placemark>
    <Placemark>
      <name/>
      <description><![CDATA[CreationDate   4/1/2024 4:42:16 PM    <br>   Creator   jhlebasko    <br>   EditDate   4/1/2024 4:42:16 PM    <br>   Editor   jhlebasko]]></description>
      <styleUrl>#line-01579B-2550</styleUrl>
      <LineString>
        <tessellate>1</tessellate>
        <coordinates>
          -111.921085,41.237097,0
          -111.921448,41.237089,0
        </coordinates>
      </LineString>
    </Placemark>
    <Placemark>
      <name/>
      <description><![CDATA[CreationDate   4/1/2024 4:42:16 PM    <br>   Creator   jhlebasko    <br>   EditDate   4/1/2024 4:42:16 PM    <br>   Editor   jhlebasko]]></description>
      <styleUrl>#line-01579B-2550</styleUrl>
      <LineString>
        <tessellate>1</tessellate>
        <coordinates>
          -111.921448,41.237089,0
          -111.921812,41.237081,0
        </coordinates>
      </LineString>
    </Placemark>
    <Placemark>
      <name/>
      <description><![CDATA[CreationDate   4/1/2024 4:42:16 PM    <br>   Creator   jhlebasko    <br>   EditDate   4/1/2024 4:42:16 PM    <br>   Editor   jhlebasko]]></description>
      <styleUrl>#line-01579B-2550</styleUrl>
      <LineString>
        <tessellate>1</tessellate>
        <coordinates>
          -111.918554,41.237247,0
          -111.918911,41.237195,0
        </coordinates>
      </LineString>
    </Placemark>
    <Placemark>
      <name/>
      <description><![CDATA[CreationDate   4/1/2024 4:42:16 PM    <br>   Creator   jhlebasko    <br>   EditDate   4/1/2024 4:42:16 PM    <br>   Editor   jhlebasko]]></description>
      <styleUrl>#line-01579B-2550</styleUrl>
      <LineString>
        <tessellate>1</tessellate>
        <coordinates>
          -111.918911,41.237195,0
          -111.919135,41.237161,0
          -111.919268,41.237146,0
        </coordinates>
      </LineString>
    </Placemark>
    <Placemark>
      <name/>
      <description><![CDATA[CreationDate   4/1/2024 4:42:16 PM    <br>   Creator   jhlebasko    <br>   EditDate   4/1/2024 4:42:16 PM    <br>   Editor   jhlebasko]]></description>
      <styleUrl>#line-01579B-2550</styleUrl>
      <LineString>
        <tessellate>1</tessellate>
        <coordinates>
          -111.919268,41.237146,0
          -111.919374,41.237138,0
          -111.91948,41.237134,0
          -111.919631,41.23713,0
        </coordinates>
      </LineString>
    </Placemark>
    <Placemark>
      <name/>
      <description><![CDATA[CreationDate   4/1/2024 4:42:16 PM    <br>   Creator   jhlebasko    <br>   EditDate   4/1/2024 4:42:16 PM    <br>   Editor   jhlebasko]]></description>
      <styleUrl>#line-01579B-2550</styleUrl>
      <LineString>
        <tessellate>1</tessellate>
        <coordinates>
          -111.919631,41.23713,0
          -111.919995,41.237122,0
        </coordinates>
      </LineString>
    </Placemark>
    <Placemark>
      <name/>
      <description><![CDATA[CreationDate   4/1/2024 4:42:16 PM    <br>   Creator   jhlebasko    <br>   EditDate   4/1/2024 4:42:16 PM    <br>   Editor   jhlebasko]]></description>
      <styleUrl>#line-01579B-2550</styleUrl>
      <LineString>
        <tessellate>1</tessellate>
        <coordinates>
          -111.919995,41.237122,0
          -111.920358,41.237114,0
        </coordinates>
      </LineString>
    </Placemark>
    <Placemark>
      <name/>
      <description><![CDATA[CreationDate   4/1/2024 4:42:16 PM    <br>   Creator   jhlebasko    <br>   EditDate   4/1/2024 4:42:16 PM    <br>   Editor   jhlebasko]]></description>
      <styleUrl>#line-01579B-2550</styleUrl>
      <LineString>
        <tessellate>1</tessellate>
        <coordinates>
          -111.916751,41.237347,0
          -111.916931,41.237321,0
          -111.91702,41.237311,0
          -111.91711,41.237304,0
        </coordinates>
      </LineString>
    </Placemark>
    <Placemark>
      <name/>
      <description><![CDATA[CreationDate   4/1/2024 4:42:16 PM    <br>   Creator   jhlebasko    <br>   EditDate   4/1/2024 4:42:16 PM    <br>   Editor   jhlebasko]]></description>
      <styleUrl>#line-01579B-2550</styleUrl>
      <LineString>
        <tessellate>1</tessellate>
        <coordinates>
          -111.91711,41.237304,0
          -111.917223,41.237299,0
          -111.917336,41.237299,0
          -111.917448,41.237304,0
          -111.917473,41.237306,0
        </coordinates>
      </LineString>
    </Placemark>
    <Placemark>
      <name/>
      <description><![CDATA[CreationDate   4/1/2024 4:42:16 PM    <br>   Creator   jhlebasko    <br>   EditDate   4/1/2024 4:42:16 PM    <br>   Editor   jhlebasko]]></description>
      <styleUrl>#line-01579B-2550</styleUrl>
      <LineString>
        <tessellate>1</tessellate>
        <coordinates>
          -111.917473,41.237306,0
          -111.917652,41.237321,0
          -111.917744,41.237325,0
          -111.917836,41.237327,0
        </coordinates>
      </LineString>
    </Placemark>
    <Placemark>
      <name/>
      <description><![CDATA[CreationDate   4/1/2024 4:42:16 PM    <br>   Creator   jhlebasko    <br>   EditDate   4/1/2024 4:42:16 PM    <br>   Editor   jhlebasko]]></description>
      <styleUrl>#line-01579B-2550</styleUrl>
      <LineString>
        <tessellate>1</tessellate>
        <coordinates>
          -111.917836,41.237327,0
          -111.917948,41.237324,0
          -111.918059,41.237316,0
          -111.91817,41.237304,0
          -111.918197,41.2373,0
        </coordinates>
      </LineString>
    </Placemark>
    <Placemark>
      <name/>
      <description><![CDATA[CreationDate   4/1/2024 4:42:16 PM    <br>   Creator   jhlebasko    <br>   EditDate   4/1/2024 4:42:16 PM    <br>   Editor   jhlebasko]]></description>
      <styleUrl>#line-01579B-2550</styleUrl>
      <LineString>
        <tessellate>1</tessellate>
        <coordinates>
          -111.918197,41.2373,0
          -111.918554,41.237247,0
        </coordinates>
      </LineString>
    </Placemark>
    <Placemark>
      <name>Pipeline Alignment and ROW</name>
      <styleUrl>#line-01579B-2550-nodesc</styleUrl>
      <LineString>
        <tessellate>1</tessellate>
        <coordinates>
          -111.915732,41.237609,0
          -111.915805,41.237568,0
          -111.915881,41.237531,0
          -111.915961,41.237498,0
          -111.916044,41.23747,0
        </coordinates>
      </LineString>
    </Placemark>
    <Placemark>
      <name/>
      <description><![CDATA[CreationDate   4/1/2024 4:42:16 PM    <br>   Creator   jhlebasko    <br>   EditDate   4/1/2024 4:42:16 PM    <br>   Editor   jhlebasko]]></description>
      <styleUrl>#line-01579B-2550</styleUrl>
      <LineString>
        <tessellate>1</tessellate>
        <coordinates>
          -111.916044,41.23747,0
          -111.916121,41.237448,0
          -111.9162,41.23743,0
          -111.91628,41.237417,0
          -111.916395,41.2374,0
        </coordinates>
      </LineString>
    </Placemark>
    <Placemark>
      <name/>
      <description><![CDATA[CreationDate   4/1/2024 4:42:16 PM    <br>   Creator   jhlebasko    <br>   EditDate   4/1/2024 4:42:16 PM    <br>   Editor   jhlebasko]]></description>
      <styleUrl>#line-01579B-2550</styleUrl>
      <LineString>
        <tessellate>1</tessellate>
        <coordinates>
          -111.916395,41.2374,0
          -111.916751,41.237347,0
        </coordinates>
      </LineString>
    </Placemark>
    <Placemark>
      <name/>
      <description><![CDATA[CreationDate   4/1/2024 4:42:16 PM    <br>   Creator   jhlebasko    <br>   EditDate   4/1/2024 4:42:16 PM    <br>   Editor   jhlebasko]]></description>
      <styleUrl>#line-01579B-2550</styleUrl>
      <LineString>
        <tessellate>1</tessellate>
        <coordinates>
          -111.914786,41.23842,0
          -111.914866,41.238388,0
          -111.914943,41.238351,0
          -111.915016,41.23831,0
          -111.915084,41.238265,0
        </coordinates>
      </LineString>
    </Placemark>
    <Placemark>
      <name/>
      <description><![CDATA[CreationDate   4/1/2024 4:42:16 PM    <br>   Creator   jhlebasko    <br>   EditDate   4/1/2024 4:42:16 PM    <br>   Editor   jhlebasko]]></description>
      <styleUrl>#line-01579B-2550</styleUrl>
      <LineString>
        <tessellate>1</tessellate>
        <coordinates>
          -111.915084,41.238265,0
          -111.915146,41.238217,0
          -111.915203,41.238166,0
          -111.915254,41.238112,0
          -111.9153,41.238055,0
          -111.915305,41.238048,0
        </coordinates>
      </LineString>
    </Placemark>
    <Placemark>
      <name/>
      <description><![CDATA[CreationDate   4/1/2024 4:42:16 PM    <br>   Creator   jhlebasko    <br>   EditDate   4/1/2024 4:42:16 PM    <br>   Editor   jhlebasko]]></description>
      <styleUrl>#line-01579B-2550</styleUrl>
      <LineString>
        <tessellate>1</tessellate>
        <coordinates>
          -111.915305,41.238048,0
          -111.915421,41.23789,0
          -111.915452,41.237849,0
          -111.915486,41.23781,0
        </coordinates>
      </LineString>
    </Placemark>
    <Placemark>
      <name/>
      <description><![CDATA[CreationDate   4/1/2024 4:42:16 PM    <br>   Creator   jhlebasko    <br>   EditDate   4/1/2024 4:42:16 PM    <br>   Editor   jhlebasko]]></description>
      <styleUrl>#line-01579B-2550</styleUrl>
      <LineString>
        <tessellate>1</tessellate>
        <coordinates>
          -111.915486,41.23781,0
          -111.91554,41.237755,0
          -111.9156,41.237703,0
          -111.915664,41.237654,0
          -111.915732,41.237609,0
        </coordinates>
      </LineString>
    </Placemark>
    <Placemark>
      <name/>
      <description><![CDATA[CreationDate   4/1/2024 4:42:16 PM    <br>   Creator   jhlebasko    <br>   EditDate   4/1/2024 4:42:16 PM    <br>   Editor   jhlebasko]]></description>
      <styleUrl>#line-01579B-2550</styleUrl>
      <LineString>
        <tessellate>1</tessellate>
        <coordinates>
          -111.913058,41.2382,0
          -111.913395,41.238303,0
        </coordinates>
      </LineString>
    </Placemark>
    <Placemark>
      <name/>
      <description><![CDATA[CreationDate   4/1/2024 4:42:16 PM    <br>   Creator   jhlebasko    <br>   EditDate   4/1/2024 4:42:16 PM    <br>   Editor   jhlebasko]]></description>
      <styleUrl>#line-01579B-2550</styleUrl>
      <LineString>
        <tessellate>1</tessellate>
        <coordinates>
          -111.913395,41.238303,0
          -111.913732,41.238406,0
        </coordinates>
      </LineString>
    </Placemark>
    <Placemark>
      <name/>
      <description><![CDATA[CreationDate   4/1/2024 4:42:16 PM    <br>   Creator   jhlebasko    <br>   EditDate   4/1/2024 4:42:16 PM    <br>   Editor   jhlebasko]]></description>
      <styleUrl>#line-01579B-2550</styleUrl>
      <LineString>
        <tessellate>1</tessellate>
        <coordinates>
          -111.913732,41.238406,0
          -111.913848,41.238441,0
          -111.913922,41.238462,0
          -111.913999,41.238479,0
          -111.914077,41.238491,0
        </coordinates>
      </LineString>
    </Placemark>
    <Placemark>
      <name/>
      <description><![CDATA[CreationDate   4/1/2024 4:42:16 PM    <br>   Creator   jhlebasko    <br>   EditDate   4/1/2024 4:42:16 PM    <br>   Editor   jhlebasko]]></description>
      <styleUrl>#line-01579B-2550</styleUrl>
      <LineString>
        <tessellate>1</tessellate>
        <coordinates>
          -111.914077,41.238491,0
          -111.914167,41.238501,0
          -111.914257,41.238505,0
          -111.914348,41.238504,0
          -111.914439,41.238498,0
        </coordinates>
      </LineString>
    </Placemark>
    <Placemark>
      <name/>
      <description><![CDATA[CreationDate   4/1/2024 4:42:16 PM    <br>   Creator   jhlebasko    <br>   EditDate   4/1/2024 4:42:16 PM    <br>   Editor   jhlebasko]]></description>
      <styleUrl>#line-01579B-2550</styleUrl>
      <LineString>
        <tessellate>1</tessellate>
        <coordinates>
          -111.914439,41.238498,0
          -111.914528,41.238486,0
          -111.914616,41.238469,0
          -111.914702,41.238447,0
          -111.914786,41.23842,0
        </coordinates>
      </LineString>
    </Placemark>
    <Placemark>
      <name/>
      <description><![CDATA[CreationDate   4/1/2024 4:42:16 PM    <br>   Creator   jhlebasko    <br>   EditDate   4/1/2024 4:42:16 PM    <br>   Editor   jhlebasko]]></description>
      <styleUrl>#line-01579B-2550</styleUrl>
      <LineString>
        <tessellate>1</tessellate>
        <coordinates>
          -111.911349,41.238487,0
          -111.911431,41.238461,0
          -111.911512,41.238434,0
          -111.91168,41.238374,0
        </coordinates>
      </LineString>
    </Placemark>
    <Placemark>
      <name/>
      <description><![CDATA[CreationDate   4/1/2024 4:42:16 PM    <br>   Creator   jhlebasko    <br>   EditDate   4/1/2024 4:42:16 PM    <br>   Editor   jhlebasko]]></description>
      <styleUrl>#line-01579B-2550</styleUrl>
      <LineString>
        <tessellate>1</tessellate>
        <coordinates>
          -111.91168,41.238374,0
          -111.91201,41.238258,0
        </coordinates>
      </LineString>
    </Placemark>
    <Placemark>
      <name/>
      <description><![CDATA[CreationDate   4/1/2024 4:42:16 PM    <br>   Creator   jhlebasko    <br>   EditDate   4/1/2024 4:42:16 PM    <br>   Editor   jhlebasko]]></description>
      <styleUrl>#line-01579B-2550</styleUrl>
      <LineString>
        <tessellate>1</tessellate>
        <coordinates>
          -111.91201,41.238258,0
          -111.912149,41.238209,0
          -111.912213,41.238188,0
          -111.912279,41.23817,0
          -111.912346,41.238156,0
        </coordinates>
      </LineString>
    </Placemark>
    <Placemark>
      <name>Pipeline Alignment and ROW</name>
      <styleUrl>#line-01579B-2550-nodesc</styleUrl>
      <LineString>
        <tessellate>1</tessellate>
        <coordinates>
          -111.912346,41.238156,0
          -111.912435,41.238141,0
          -111.912525,41.238133,0
          -111.912616,41.23813,0
          -111.912707,41.238133,0
        </coordinates>
      </LineString>
    </Placemark>
    <Placemark>
      <name/>
      <description><![CDATA[CreationDate   4/1/2024 4:42:16 PM    <br>   Creator   jhlebasko    <br>   EditDate   4/1/2024 4:42:16 PM    <br>   Editor   jhlebasko]]></description>
      <styleUrl>#line-01579B-2550</styleUrl>
      <LineString>
        <tessellate>1</tessellate>
        <coordinates>
          -111.912707,41.238133,0
          -111.91279,41.238141,0
          -111.912871,41.238153,0
          -111.912951,41.23817,0
          -111.91303,41.238191,0
          -111.913058,41.2382,0
        </coordinates>
      </LineString>
    </Placemark>
    <Placemark>
      <name/>
      <description><![CDATA[CreationDate   4/1/2024 4:42:16 PM    <br>   Creator   jhlebasko    <br>   EditDate   4/1/2024 4:42:16 PM    <br>   Editor   jhlebasko]]></description>
      <styleUrl>#line-01579B-2550</styleUrl>
      <LineString>
        <tessellate>1</tessellate>
        <coordinates>
          -111.909649,41.238955,0
          -111.90991,41.238847,0
          -111.909969,41.238824,0
        </coordinates>
      </LineString>
    </Placemark>
    <Placemark>
      <name/>
      <description><![CDATA[CreationDate   4/1/2024 4:42:16 PM    <br>   Creator   jhlebasko    <br>   EditDate   4/1/2024 4:42:16 PM    <br>   Editor   jhlebasko]]></description>
      <styleUrl>#line-01579B-2550</styleUrl>
      <LineString>
        <tessellate>1</tessellate>
        <coordinates>
          -111.909969,41.238824,0
          -111.910077,41.238783,0
          -111.910188,41.238746,0
          -111.910301,41.238713,0
        </coordinates>
      </LineString>
    </Placemark>
    <Placemark>
      <name/>
      <description><![CDATA[CreationDate   4/1/2024 4:42:16 PM    <br>   Creator   jhlebasko    <br>   EditDate   4/1/2024 4:42:16 PM    <br>   Editor   jhlebasko]]></description>
      <styleUrl>#line-01579B-2550</styleUrl>
      <LineString>
        <tessellate>1</tessellate>
        <coordinates>
          -111.910301,41.238713,0
          -111.910415,41.238682,0
          -111.910531,41.238656,0
          -111.910648,41.238632,0
        </coordinates>
      </LineString>
    </Placemark>
    <Placemark>
      <name/>
      <description><![CDATA[CreationDate   4/1/2024 4:42:16 PM    <br>   Creator   jhlebasko    <br>   EditDate   4/1/2024 4:42:16 PM    <br>   Editor   jhlebasko]]></description>
      <styleUrl>#line-01579B-2550</styleUrl>
      <LineString>
        <tessellate>1</tessellate>
        <coordinates>
          -111.910648,41.238632,0
          -111.910651,41.238632,0
          -111.911002,41.238568,0
        </coordinates>
      </LineString>
    </Placemark>
    <Placemark>
      <name/>
      <description><![CDATA[CreationDate   4/1/2024 4:42:16 PM    <br>   Creator   jhlebasko    <br>   EditDate   4/1/2024 4:42:16 PM    <br>   Editor   jhlebasko]]></description>
      <styleUrl>#line-01579B-2550</styleUrl>
      <LineString>
        <tessellate>1</tessellate>
        <coordinates>
          -111.911002,41.238568,0
          -111.911018,41.238565,0
          -111.91113,41.238542,0
          -111.91124,41.238516,0
          -111.911349,41.238487,0
        </coordinates>
      </LineString>
    </Placemark>
    <Placemark>
      <name/>
      <description><![CDATA[CreationDate   4/1/2024 4:42:16 PM    <br>   Creator   jhlebasko    <br>   EditDate   4/1/2024 4:42:16 PM    <br>   Editor   jhlebasko]]></description>
      <styleUrl>#line-01579B-2550</styleUrl>
      <LineString>
        <tessellate>1</tessellate>
        <coordinates>
          -111.907592,41.240054,0
          -111.907701,41.240014,0
          -111.907806,41.239968,0
          -111.907907,41.239918,0
        </coordinates>
      </LineString>
    </Placemark>
    <Placemark>
      <name/>
      <description><![CDATA[CreationDate   4/1/2024 4:42:16 PM    <br>   Creator   jhlebasko    <br>   EditDate   4/1/2024 4:42:16 PM    <br>   Editor   jhlebasko]]></description>
      <styleUrl>#line-01579B-2550</styleUrl>
      <LineString>
        <tessellate>1</tessellate>
        <coordinates>
          -111.907907,41.239918,0
          -111.908005,41.239864,0
          -111.908098,41.239805,0
          -111.908186,41.239742,0
        </coordinates>
      </LineString>
    </Placemark>
    <Placemark>
      <name/>
      <description><![CDATA[CreationDate   4/1/2024 4:42:16 PM    <br>   Creator   jhlebasko    <br>   EditDate   4/1/2024 4:42:16 PM    <br>   Editor   jhlebasko]]></description>
      <styleUrl>#line-01579B-2550</styleUrl>
      <LineString>
        <tessellate>1</tessellate>
        <coordinates>
          -111.908186,41.239742,0
          -111.908248,41.239693,0
          -111.908308,41.239642,0
          -111.908426,41.239536,0
        </coordinates>
      </LineString>
    </Placemark>
    <Placemark>
      <name/>
      <description><![CDATA[CreationDate   4/1/2024 4:42:16 PM    <br>   Creator   jhlebasko    <br>   EditDate   4/1/2024 4:42:16 PM    <br>   Editor   jhlebasko]]></description>
      <styleUrl>#line-01579B-2550</styleUrl>
      <LineString>
        <tessellate>1</tessellate>
        <coordinates>
          -111.908426,41.239536,0
          -111.90844,41.239523,0
          -111.908497,41.239476,0
          -111.908559,41.239431,0
          -111.908625,41.23939,0
          -111.908695,41.239353,0
        </coordinates>
      </LineString>
    </Placemark>
    <Placemark>
      <name/>
      <description><![CDATA[CreationDate   4/1/2024 4:42:16 PM    <br>   Creator   jhlebasko    <br>   EditDate   4/1/2024 4:42:16 PM    <br>   Editor   jhlebasko]]></description>
      <styleUrl>#line-01579B-2550</styleUrl>
      <LineString>
        <tessellate>1</tessellate>
        <coordinates>
          -111.908695,41.239353,0
          -111.908772,41.239318,0
          -111.909012,41.239219,0
        </coordinates>
      </LineString>
    </Placemark>
    <Placemark>
      <name/>
      <description><![CDATA[CreationDate   4/1/2024 4:42:16 PM    <br>   Creator   jhlebasko    <br>   EditDate   4/1/2024 4:42:16 PM    <br>   Editor   jhlebasko]]></description>
      <styleUrl>#line-01579B-2550</styleUrl>
      <LineString>
        <tessellate>1</tessellate>
        <coordinates>
          -111.909012,41.239219,0
          -111.90933,41.239087,0
        </coordinates>
      </LineString>
    </Placemark>
    <Placemark>
      <name/>
      <description><![CDATA[CreationDate   4/1/2024 4:42:16 PM    <br>   Creator   jhlebasko    <br>   EditDate   4/1/2024 4:42:16 PM    <br>   Editor   jhlebasko]]></description>
      <styleUrl>#line-01579B-2550</styleUrl>
      <LineString>
        <tessellate>1</tessellate>
        <coordinates>
          -111.90933,41.239087,0
          -111.909649,41.238955,0
        </coordinates>
      </LineString>
    </Placemark>
    <Placemark>
      <name/>
      <description><![CDATA[CreationDate   4/1/2024 4:42:16 PM    <br>   Creator   jhlebasko    <br>   EditDate   4/1/2024 4:42:16 PM    <br>   Editor   jhlebasko]]></description>
      <styleUrl>#line-01579B-2550</styleUrl>
      <LineString>
        <tessellate>1</tessellate>
        <coordinates>
          -111.906197,41.240361,0
          -111.906548,41.24029,0
        </coordinates>
      </LineString>
    </Placemark>
    <Placemark>
      <name/>
      <description><![CDATA[CreationDate   4/1/2024 4:42:16 PM    <br>   Creator   jhlebasko    <br>   EditDate   4/1/2024 4:42:16 PM    <br>   Editor   jhlebasko]]></description>
      <styleUrl>#line-01579B-2550</styleUrl>
      <LineString>
        <tessellate>1</tessellate>
        <coordinates>
          -111.906548,41.24029,0
          -111.906899,41.240218,0
        </coordinates>
      </LineString>
    </Placemark>
    <Placemark>
      <name/>
      <description><![CDATA[CreationDate   4/1/2024 4:42:16 PM    <br>   Creator   jhlebasko    <br>   EditDate   4/1/2024 4:42:16 PM    <br>   Editor   jhlebasko]]></description>
      <styleUrl>#line-01579B-2550</styleUrl>
      <LineString>
        <tessellate>1</tessellate>
        <coordinates>
          -111.906899,41.240218,0
          -111.90725,41.240147,0
        </coordinates>
      </LineString>
    </Placemark>
    <Placemark>
      <name/>
      <description><![CDATA[CreationDate   4/1/2024 4:42:16 PM    <br>   Creator   jhlebasko    <br>   EditDate   4/1/2024 4:42:16 PM    <br>   Editor   jhlebasko]]></description>
      <styleUrl>#line-01579B-2550</styleUrl>
      <LineString>
        <tessellate>1</tessellate>
        <coordinates>
          -111.90725,41.240147,0
          -111.907255,41.240146,0
          -111.90737,41.24012,0
          -111.907482,41.24009,0
          -111.907592,41.240054,0
        </coordinates>
      </LineString>
    </Placemark>
    <Placemark>
      <name/>
      <description><![CDATA[CreationDate   4/1/2024 4:42:16 PM    <br>   Creator   jhlebasko    <br>   EditDate   4/1/2024 4:42:16 PM    <br>   Editor   jhlebasko]]></description>
      <styleUrl>#line-01579B-2550</styleUrl>
      <LineString>
        <tessellate>1</tessellate>
        <coordinates>
          -111.905846,41.240432,0
          -111.906197,41.240361,0
        </coordinates>
      </LineString>
    </Placemark>
    <Placemark>
      <name/>
      <description><![CDATA[CreationDate   4/1/2024 4:42:16 PM    <br>   Creator   jhlebasko    <br>   EditDate   4/1/2024 4:42:16 PM    <br>   Editor   jhlebasko]]></description>
      <styleUrl>#line-01579B-2550</styleUrl>
      <LineString>
        <tessellate>1</tessellate>
        <coordinates>
          -111.904091,41.24079,0
          -111.904442,41.240718,0
        </coordinates>
      </LineString>
    </Placemark>
    <Placemark>
      <name/>
      <description><![CDATA[CreationDate   4/1/2024 4:42:16 PM    <br>   Creator   jhlebasko    <br>   EditDate   4/1/2024 4:42:16 PM    <br>   Editor   jhlebasko]]></description>
      <styleUrl>#line-01579B-2550</styleUrl>
      <LineString>
        <tessellate>1</tessellate>
        <coordinates>
          -111.904442,41.240718,0
          -111.904793,41.240647,0
        </coordinates>
      </LineString>
    </Placemark>
    <Placemark>
      <name/>
      <description><![CDATA[CreationDate   4/1/2024 4:42:16 PM    <br>   Creator   jhlebasko    <br>   EditDate   4/1/2024 4:42:16 PM    <br>   Editor   jhlebasko]]></description>
      <styleUrl>#line-01579B-2550</styleUrl>
      <LineString>
        <tessellate>1</tessellate>
        <coordinates>
          -111.904793,41.240647,0
          -111.905144,41.240575,0
        </coordinates>
      </LineString>
    </Placemark>
    <Placemark>
      <name/>
      <description><![CDATA[CreationDate   4/1/2024 4:42:16 PM    <br>   Creator   jhlebasko    <br>   EditDate   4/1/2024 4:42:16 PM    <br>   Editor   jhlebasko]]></description>
      <styleUrl>#line-01579B-2550</styleUrl>
      <LineString>
        <tessellate>1</tessellate>
        <coordinates>
          -111.905144,41.240575,0
          -111.905495,41.240504,0
        </coordinates>
      </LineString>
    </Placemark>
    <Placemark>
      <name/>
      <description><![CDATA[CreationDate   4/1/2024 4:42:16 PM    <br>   Creator   jhlebasko    <br>   EditDate   4/1/2024 4:42:16 PM    <br>   Editor   jhlebasko]]></description>
      <styleUrl>#line-01579B-2550</styleUrl>
      <LineString>
        <tessellate>1</tessellate>
        <coordinates>
          -111.905495,41.240504,0
          -111.905846,41.240432,0
        </coordinates>
      </LineString>
    </Placemark>
    <Placemark>
      <name/>
      <description><![CDATA[CreationDate   4/1/2024 4:42:16 PM    <br>   Creator   jhlebasko    <br>   EditDate   4/1/2024 4:42:16 PM    <br>   Editor   jhlebasko]]></description>
      <styleUrl>#line-01579B-2550</styleUrl>
      <LineString>
        <tessellate>1</tessellate>
        <coordinates>
          -111.902369,41.24123,0
          -111.902711,41.241136,0
        </coordinates>
      </LineString>
    </Placemark>
    <Placemark>
      <name/>
      <description><![CDATA[CreationDate   4/1/2024 4:42:16 PM    <br>   Creator   jhlebasko    <br>   EditDate   4/1/2024 4:42:16 PM    <br>   Editor   jhlebasko]]></description>
      <styleUrl>#line-01579B-2550</styleUrl>
      <LineString>
        <tessellate>1</tessellate>
        <coordinates>
          -111.902711,41.241136,0
          -111.903053,41.241043,0
        </coordinates>
      </LineString>
    </Placemark>
    <Placemark>
      <name/>
      <description><![CDATA[CreationDate   4/1/2024 4:42:16 PM    <br>   Creator   jhlebasko    <br>   EditDate   4/1/2024 4:42:16 PM    <br>   Editor   jhlebasko]]></description>
      <styleUrl>#line-01579B-2550</styleUrl>
      <LineString>
        <tessellate>1</tessellate>
        <coordinates>
          -111.903053,41.241043,0
          -111.903239,41.240992,0
          -111.903395,41.240951,0
        </coordinates>
      </LineString>
    </Placemark>
    <Placemark>
      <name/>
      <description><![CDATA[CreationDate   4/1/2024 4:42:16 PM    <br>   Creator   jhlebasko    <br>   EditDate   4/1/2024 4:42:16 PM    <br>   Editor   jhlebasko]]></description>
      <styleUrl>#line-01579B-2550</styleUrl>
      <LineString>
        <tessellate>1</tessellate>
        <coordinates>
          -111.903395,41.240951,0
          -111.903396,41.240951,0
          -111.903568,41.240907,0
          -111.903741,41.240865,0
        </coordinates>
      </LineString>
    </Placemark>
    <Placemark>
      <name/>
      <description><![CDATA[CreationDate   4/1/2024 4:42:16 PM    <br>   Creator   jhlebasko    <br>   EditDate   4/1/2024 4:42:16 PM    <br>   Editor   jhlebasko]]></description>
      <styleUrl>#line-01579B-2550</styleUrl>
      <LineString>
        <tessellate>1</tessellate>
        <coordinates>
          -111.903741,41.240865,0
          -111.903985,41.240811,0
          -111.904091,41.24079,0
        </coordinates>
      </LineString>
    </Placemark>
    <Placemark>
      <name/>
      <description><![CDATA[CreationDate   4/1/2024 4:42:16 PM    <br>   Creator   jhlebasko    <br>   EditDate   4/1/2024 4:42:16 PM    <br>   Editor   jhlebasko]]></description>
      <styleUrl>#line-01579B-2550</styleUrl>
      <LineString>
        <tessellate>1</tessellate>
        <coordinates>
          -111.900672,41.24172,0
          -111.900836,41.241661,0
          -111.901003,41.241606,0
        </coordinates>
      </LineString>
    </Placemark>
    <Placemark>
      <name/>
      <description><![CDATA[CreationDate   4/1/2024 4:42:16 PM    <br>   Creator   jhlebasko    <br>   EditDate   4/1/2024 4:42:16 PM    <br>   Editor   jhlebasko]]></description>
      <styleUrl>#line-01579B-2550</styleUrl>
      <LineString>
        <tessellate>1</tessellate>
        <coordinates>
          -111.901003,41.241606,0
          -111.901114,41.241573,0
          -111.901225,41.241541,0
          -111.901343,41.241509,0
        </coordinates>
      </LineString>
    </Placemark>
    <Placemark>
      <name/>
      <description><![CDATA[CreationDate   4/1/2024 4:42:16 PM    <br>   Creator   jhlebasko    <br>   EditDate   4/1/2024 4:42:16 PM    <br>   Editor   jhlebasko]]></description>
      <styleUrl>#line-01579B-2550</styleUrl>
      <LineString>
        <tessellate>1</tessellate>
        <coordinates>
          -111.901343,41.241509,0
          -111.901685,41.241416,0
        </coordinates>
      </LineString>
    </Placemark>
    <Placemark>
      <name/>
      <description><![CDATA[CreationDate   4/1/2024 4:42:16 PM    <br>   Creator   jhlebasko    <br>   EditDate   4/1/2024 4:42:16 PM    <br>   Editor   jhlebasko]]></description>
      <styleUrl>#line-01579B-2550</styleUrl>
      <LineString>
        <tessellate>1</tessellate>
        <coordinates>
          -111.901685,41.241416,0
          -111.902027,41.241323,0
        </coordinates>
      </LineString>
    </Placemark>
    <Placemark>
      <name/>
      <description><![CDATA[CreationDate   4/1/2024 4:42:16 PM    <br>   Creator   jhlebasko    <br>   EditDate   4/1/2024 4:42:16 PM    <br>   Editor   jhlebasko]]></description>
      <styleUrl>#line-01579B-2550</styleUrl>
      <LineString>
        <tessellate>1</tessellate>
        <coordinates>
          -111.902027,41.241323,0
          -111.902369,41.24123,0
        </coordinates>
      </LineString>
    </Placemark>
    <Placemark>
      <name/>
      <description><![CDATA[CreationDate   4/1/2024 4:42:16 PM    <br>   Creator   jhlebasko    <br>   EditDate   4/1/2024 4:42:16 PM    <br>   Editor   jhlebasko]]></description>
      <styleUrl>#line-01579B-2550</styleUrl>
      <LineString>
        <tessellate>1</tessellate>
        <coordinates>
          -111.898847,41.24262,0
          -111.899147,41.242464,0
        </coordinates>
      </LineString>
    </Placemark>
    <Placemark>
      <name/>
      <description><![CDATA[CreationDate   4/1/2024 4:42:16 PM    <br>   Creator   jhlebasko    <br>   EditDate   4/1/2024 4:42:16 PM    <br>   Editor   jhlebasko]]></description>
      <styleUrl>#line-01579B-2550</styleUrl>
      <LineString>
        <tessellate>1</tessellate>
        <coordinates>
          -111.899147,41.242464,0
          -111.899446,41.242309,0
        </coordinates>
      </LineString>
    </Placemark>
    <Placemark>
      <name/>
      <description><![CDATA[CreationDate   4/1/2024 4:42:16 PM    <br>   Creator   jhlebasko    <br>   EditDate   4/1/2024 4:42:16 PM    <br>   Editor   jhlebasko]]></description>
      <styleUrl>#line-01579B-2550</styleUrl>
      <LineString>
        <tessellate>1</tessellate>
        <coordinates>
          -111.899446,41.242309,0
          -111.899447,41.242309,0
          -111.899746,41.242153,0
        </coordinates>
      </LineString>
    </Placemark>
    <Placemark>
      <name/>
      <description><![CDATA[CreationDate   4/1/2024 4:42:16 PM    <br>   Creator   jhlebasko    <br>   EditDate   4/1/2024 4:42:16 PM    <br>   Editor   jhlebasko]]></description>
      <styleUrl>#line-01579B-2550</styleUrl>
      <LineString>
        <tessellate>1</tessellate>
        <coordinates>
          -111.899746,41.242153,0
          -111.900043,41.241999,0
          -111.900046,41.241998,0
        </coordinates>
      </LineString>
    </Placemark>
    <Placemark>
      <name/>
      <description><![CDATA[CreationDate   4/1/2024 4:42:16 PM    <br>   Creator   jhlebasko    <br>   EditDate   4/1/2024 4:42:16 PM    <br>   Editor   jhlebasko]]></description>
      <styleUrl>#line-01579B-2550</styleUrl>
      <LineString>
        <tessellate>1</tessellate>
        <coordinates>
          -111.900046,41.241998,0
          -111.900197,41.241922,0
          -111.900353,41.241851,0
        </coordinates>
      </LineString>
    </Placemark>
    <Placemark>
      <name/>
      <description><![CDATA[CreationDate   4/1/2024 4:42:16 PM    <br>   Creator   jhlebasko    <br>   EditDate   4/1/2024 4:42:16 PM    <br>   Editor   jhlebasko]]></description>
      <styleUrl>#line-01579B-2550</styleUrl>
      <LineString>
        <tessellate>1</tessellate>
        <coordinates>
          -111.900353,41.241851,0
          -111.900511,41.241783,0
          -111.900672,41.24172,0
        </coordinates>
      </LineString>
    </Placemark>
    <Placemark>
      <name/>
      <description><![CDATA[CreationDate   4/1/2024 4:42:16 PM    <br>   Creator   jhlebasko    <br>   EditDate   4/1/2024 4:42:16 PM    <br>   Editor   jhlebasko]]></description>
      <styleUrl>#line-01579B-2550</styleUrl>
      <LineString>
        <tessellate>1</tessellate>
        <coordinates>
          -111.897948,41.243086,0
          -111.898248,41.242931,0
        </coordinates>
      </LineString>
    </Placemark>
    <Placemark>
      <name/>
      <description><![CDATA[CreationDate   4/1/2024 4:42:16 PM    <br>   Creator   jhlebasko    <br>   EditDate   4/1/2024 4:42:16 PM    <br>   Editor   jhlebasko]]></description>
      <styleUrl>#line-01579B-2550</styleUrl>
      <LineString>
        <tessellate>1</tessellate>
        <coordinates>
          -111.898248,41.242931,0
          -111.898548,41.242775,0
        </coordinates>
      </LineString>
    </Placemark>
    <Placemark>
      <name/>
      <description><![CDATA[CreationDate   4/1/2024 4:42:16 PM    <br>   Creator   jhlebasko    <br>   EditDate   4/1/2024 4:42:16 PM    <br>   Editor   jhlebasko]]></description>
      <styleUrl>#line-01579B-2550</styleUrl>
      <LineString>
        <tessellate>1</tessellate>
        <coordinates>
          -111.898548,41.242775,0
          -111.898847,41.24262,0
        </coordinates>
      </LineString>
    </Placemark>
    <Placemark>
      <name/>
      <description><![CDATA[CreationDate   4/1/2024 4:42:16 PM    <br>   Creator   jhlebasko    <br>   EditDate   4/1/2024 4:42:16 PM    <br>   Editor   jhlebasko]]></description>
      <styleUrl>#line-01579B-2550</styleUrl>
      <LineString>
        <tessellate>1</tessellate>
        <coordinates>
          -111.897039,41.243541,0
          -111.897145,41.243496,0
          -111.897248,41.243448,0
          -111.897349,41.243397,0
        </coordinates>
      </LineString>
    </Placemark>
    <Placemark>
      <name/>
      <description><![CDATA[CreationDate   4/1/2024 4:42:16 PM    <br>   Creator   jhlebasko    <br>   EditDate   4/1/2024 4:42:16 PM    <br>   Editor   jhlebasko]]></description>
      <styleUrl>#line-01579B-2550</styleUrl>
      <LineString>
        <tessellate>1</tessellate>
        <coordinates>
          -111.897349,41.243397,0
          -111.897649,41.243242,0
        </coordinates>
      </LineString>
    </Placemark>
    <Placemark>
      <name/>
      <description><![CDATA[CreationDate   4/1/2024 4:42:16 PM    <br>   Creator   jhlebasko    <br>   EditDate   4/1/2024 4:42:16 PM    <br>   Editor   jhlebasko]]></description>
      <styleUrl>#line-01579B-2550</styleUrl>
      <LineString>
        <tessellate>1</tessellate>
        <coordinates>
          -111.897649,41.243242,0
          -111.897948,41.243086,0
        </coordinates>
      </LineString>
    </Placemark>
    <Placemark>
      <name/>
      <description><![CDATA[CreationDate   4/1/2024 4:42:16 PM    <br>   Creator   jhlebasko    <br>   EditDate   4/1/2024 4:42:16 PM    <br>   Editor   jhlebasko]]></description>
      <styleUrl>#line-01579B-2550</styleUrl>
      <LineString>
        <tessellate>1</tessellate>
        <coordinates>
          -111.89539,41.244118,0
          -111.89572,41.244003,0
        </coordinates>
      </LineString>
    </Placemark>
    <Placemark>
      <name/>
      <description><![CDATA[CreationDate   4/1/2024 4:42:16 PM    <br>   Creator   jhlebasko    <br>   EditDate   4/1/2024 4:42:16 PM    <br>   Editor   jhlebasko]]></description>
      <styleUrl>#line-01579B-2550</styleUrl>
      <LineString>
        <tessellate>1</tessellate>
        <coordinates>
          -111.89572,41.244003,0
          -111.896051,41.243889,0
        </coordinates>
      </LineString>
    </Placemark>
    <Placemark>
      <name/>
      <description><![CDATA[CreationDate   4/1/2024 4:42:16 PM    <br>   Creator   jhlebasko    <br>   EditDate   4/1/2024 4:42:16 PM    <br>   Editor   jhlebasko]]></description>
      <styleUrl>#line-01579B-2550</styleUrl>
      <LineString>
        <tessellate>1</tessellate>
        <coordinates>
          -111.896051,41.243889,0
          -111.896381,41.243775,0
        </coordinates>
      </LineString>
    </Placemark>
    <Placemark>
      <name/>
      <description><![CDATA[CreationDate   4/1/2024 4:42:16 PM    <br>   Creator   jhlebasko    <br>   EditDate   4/1/2024 4:42:16 PM    <br>   Editor   jhlebasko]]></description>
      <styleUrl>#line-01579B-2550</styleUrl>
      <LineString>
        <tessellate>1</tessellate>
        <coordinates>
          -111.896381,41.243775,0
          -111.896712,41.24366,0
        </coordinates>
      </LineString>
    </Placemark>
    <Placemark>
      <name/>
      <description><![CDATA[CreationDate   4/1/2024 4:42:16 PM    <br>   Creator   jhlebasko    <br>   EditDate   4/1/2024 4:42:16 PM    <br>   Editor   jhlebasko]]></description>
      <styleUrl>#line-01579B-2550</styleUrl>
      <LineString>
        <tessellate>1</tessellate>
        <coordinates>
          -111.896712,41.24366,0
          -111.89683,41.243619,0
          -111.896935,41.243581,0
          -111.897039,41.243541,0
        </coordinates>
      </LineString>
    </Placemark>
    <Placemark>
      <name/>
      <description><![CDATA[CreationDate   4/1/2024 4:42:16 PM    <br>   Creator   jhlebasko    <br>   EditDate   4/1/2024 4:42:16 PM    <br>   Editor   jhlebasko]]></description>
      <styleUrl>#line-01579B-2550</styleUrl>
      <LineString>
        <tessellate>1</tessellate>
        <coordinates>
          -111.894375,41.244419,0
          -111.894716,41.244324,0
        </coordinates>
      </LineString>
    </Placemark>
    <Placemark>
      <name/>
      <description><![CDATA[CreationDate   4/1/2024 4:42:16 PM    <br>   Creator   jhlebasko    <br>   EditDate   4/1/2024 4:42:16 PM    <br>   Editor   jhlebasko]]></description>
      <styleUrl>#line-01579B-2550</styleUrl>
      <LineString>
        <tessellate>1</tessellate>
        <coordinates>
          -111.894716,41.244324,0
          -111.894906,41.244272,0
          -111.895057,41.244228,0
        </coordinates>
      </LineString>
    </Placemark>
    <Placemark>
      <name/>
      <description><![CDATA[CreationDate   4/1/2024 4:42:16 PM    <br>   Creator   jhlebasko    <br>   EditDate   4/1/2024 4:42:16 PM    <br>   Editor   jhlebasko]]></description>
      <styleUrl>#line-01579B-2550</styleUrl>
      <LineString>
        <tessellate>1</tessellate>
        <coordinates>
          -111.895057,41.244228,0
          -111.895173,41.244192,0
          -111.895288,41.244153,0
          -111.89539,41.244118,0
        </coordinates>
      </LineString>
    </Placemark>
    <Placemark>
      <name/>
      <description><![CDATA[CreationDate   4/1/2024 4:42:16 PM    <br>   Creator   jhlebasko    <br>   EditDate   4/1/2024 4:42:16 PM    <br>   Editor   jhlebasko]]></description>
      <styleUrl>#line-01579B-2550</styleUrl>
      <LineString>
        <tessellate>1</tessellate>
        <coordinates>
          -111.893557,41.244922,0
          -111.893598,41.24486,0
          -111.893645,41.244802,0
          -111.893698,41.244746,0
          -111.893756,41.244693,0
        </coordinates>
      </LineString>
    </Placemark>
    <Placemark>
      <name/>
      <description><![CDATA[CreationDate   4/1/2024 4:42:16 PM    <br>   Creator   jhlebasko    <br>   EditDate   4/1/2024 4:42:16 PM    <br>   Editor   jhlebasko]]></description>
      <styleUrl>#line-01579B-2550</styleUrl>
      <LineString>
        <tessellate>1</tessellate>
        <coordinates>
          -111.893756,41.244693,0
          -111.89382,41.244644,0
          -111.893888,41.244599,0
          -111.893962,41.244559,0
          -111.894039,41.244522,0
        </coordinates>
      </LineString>
    </Placemark>
    <Placemark>
      <name/>
      <description><![CDATA[CreationDate   4/1/2024 4:42:16 PM    <br>   Creator   jhlebasko    <br>   EditDate   4/1/2024 4:42:16 PM    <br>   Editor   jhlebasko]]></description>
      <styleUrl>#line-01579B-2550</styleUrl>
      <LineString>
        <tessellate>1</tessellate>
        <coordinates>
          -111.894039,41.244522,0
          -111.894088,41.244502,0
          -111.894138,41.244484,0
          -111.894375,41.244419,0
        </coordinates>
      </LineString>
    </Placemark>
    <Placemark>
      <name/>
      <description><![CDATA[CreationDate   4/1/2024 4:42:16 PM    <br>   Creator   jhlebasko    <br>   EditDate   4/1/2024 4:42:16 PM    <br>   Editor   jhlebasko]]></description>
      <styleUrl>#line-01579B-2550</styleUrl>
      <LineString>
        <tessellate>1</tessellate>
        <coordinates>
          -111.89278,41.245813,0
          -111.892781,41.245813,0
          -111.893058,41.245636,0
        </coordinates>
      </LineString>
    </Placemark>
    <Placemark>
      <name/>
      <description><![CDATA[CreationDate   4/1/2024 4:42:16 PM    <br>   Creator   jhlebasko    <br>   EditDate   4/1/2024 4:42:16 PM    <br>   Editor   jhlebasko]]></description>
      <styleUrl>#line-01579B-2550</styleUrl>
      <LineString>
        <tessellate>1</tessellate>
        <coordinates>
          -111.893058,41.245636,0
          -111.893066,41.245631,0
          -111.893132,41.245586,0
          -111.893193,41.245538,0
          -111.893249,41.245486,0
          -111.8933,41.245432,0
        </coordinates>
      </LineString>
    </Placemark>
    <Placemark>
      <name/>
      <description><![CDATA[CreationDate   4/1/2024 4:42:16 PM    <br>   Creator   jhlebasko    <br>   EditDate   4/1/2024 4:42:16 PM    <br>   Editor   jhlebasko]]></description>
      <styleUrl>#line-01579B-2550</styleUrl>
      <LineString>
        <tessellate>1</tessellate>
        <coordinates>
          -111.8933,41.245432,0
          -111.893348,41.245373,0
          -111.893389,41.245312,0
          -111.893424,41.245249,0
          -111.893453,41.245184,0
        </coordinates>
      </LineString>
    </Placemark>
    <Placemark>
      <name/>
      <description><![CDATA[CreationDate   4/1/2024 4:42:16 PM    <br>   Creator   jhlebasko    <br>   EditDate   4/1/2024 4:42:16 PM    <br>   Editor   jhlebasko]]></description>
      <styleUrl>#line-01579B-2550</styleUrl>
      <LineString>
        <tessellate>1</tessellate>
        <coordinates>
          -111.893453,41.245184,0
          -111.893468,41.245142,0
          -111.893512,41.24501,0
          -111.893533,41.244965,0
          -111.893557,41.244922,0
        </coordinates>
      </LineString>
    </Placemark>
    <Placemark>
      <name/>
      <description><![CDATA[CreationDate   4/1/2024 4:42:16 PM    <br>   Creator   jhlebasko    <br>   EditDate   4/1/2024 4:42:16 PM    <br>   Editor   jhlebasko]]></description>
      <styleUrl>#line-01579B-2550</styleUrl>
      <LineString>
        <tessellate>1</tessellate>
        <coordinates>
          -111.891668,41.24652,0
          -111.891669,41.24652,0
          -111.891946,41.246343,0
        </coordinates>
      </LineString>
    </Placemark>
    <Placemark>
      <name/>
      <description><![CDATA[CreationDate   4/1/2024 4:42:16 PM    <br>   Creator   jhlebasko    <br>   EditDate   4/1/2024 4:42:16 PM    <br>   Editor   jhlebasko]]></description>
      <styleUrl>#line-01579B-2550</styleUrl>
      <LineString>
        <tessellate>1</tessellate>
        <coordinates>
          -111.891946,41.246343,0
          -111.891947,41.246343,0
          -111.892224,41.246166,0
        </coordinates>
      </LineString>
    </Placemark>
    <Placemark>
      <name/>
      <description><![CDATA[CreationDate   4/1/2024 4:42:16 PM    <br>   Creator   jhlebasko    <br>   EditDate   4/1/2024 4:42:16 PM    <br>   Editor   jhlebasko]]></description>
      <styleUrl>#line-01579B-2550</styleUrl>
      <LineString>
        <tessellate>1</tessellate>
        <coordinates>
          -111.892224,41.246166,0
          -111.892225,41.246166,0
          -111.892502,41.24599,0
        </coordinates>
      </LineString>
    </Placemark>
    <Placemark>
      <name/>
      <description><![CDATA[CreationDate   4/1/2024 4:42:16 PM    <br>   Creator   jhlebasko    <br>   EditDate   4/1/2024 4:42:16 PM    <br>   Editor   jhlebasko]]></description>
      <styleUrl>#line-01579B-2550</styleUrl>
      <LineString>
        <tessellate>1</tessellate>
        <coordinates>
          -111.892502,41.24599,0
          -111.892503,41.24599,0
          -111.89278,41.245813,0
        </coordinates>
      </LineString>
    </Placemark>
    <Placemark>
      <name/>
      <description><![CDATA[CreationDate   4/1/2024 4:42:16 PM    <br>   Creator   jhlebasko    <br>   EditDate   4/1/2024 4:42:16 PM    <br>   Editor   jhlebasko]]></description>
      <styleUrl>#line-01579B-2550</styleUrl>
      <LineString>
        <tessellate>1</tessellate>
        <coordinates>
          -111.890588,41.247255,0
          -111.890851,41.247065,0
        </coordinates>
      </LineString>
    </Placemark>
    <Placemark>
      <name/>
      <description><![CDATA[CreationDate   4/1/2024 4:42:16 PM    <br>   Creator   jhlebasko    <br>   EditDate   4/1/2024 4:42:16 PM    <br>   Editor   jhlebasko]]></description>
      <styleUrl>#line-01579B-2550</styleUrl>
      <LineString>
        <tessellate>1</tessellate>
        <coordinates>
          -111.890851,41.247065,0
          -111.890918,41.247017,0
          -111.891117,41.246878,0
        </coordinates>
      </LineString>
    </Placemark>
    <Placemark>
      <name/>
      <description><![CDATA[CreationDate   4/1/2024 4:42:16 PM    <br>   Creator   jhlebasko    <br>   EditDate   4/1/2024 4:42:16 PM    <br>   Editor   jhlebasko]]></description>
      <styleUrl>#line-01579B-2550</styleUrl>
      <LineString>
        <tessellate>1</tessellate>
        <coordinates>
          -111.891117,41.246878,0
          -111.891253,41.246787,0
          -111.891391,41.246697,0
        </coordinates>
      </LineString>
    </Placemark>
    <Placemark>
      <name/>
      <description><![CDATA[CreationDate   4/1/2024 4:42:16 PM    <br>   Creator   jhlebasko    <br>   EditDate   4/1/2024 4:42:16 PM    <br>   Editor   jhlebasko]]></description>
      <styleUrl>#line-01579B-2550</styleUrl>
      <LineString>
        <tessellate>1</tessellate>
        <coordinates>
          -111.891391,41.246697,0
          -111.891414,41.246682,0
          -111.891668,41.24652,0
        </coordinates>
      </LineString>
    </Placemark>
    <Placemark>
      <name/>
      <description><![CDATA[CreationDate   4/1/2024 4:42:16 PM    <br>   Creator   jhlebasko    <br>   EditDate   4/1/2024 4:42:16 PM    <br>   Editor   jhlebasko]]></description>
      <styleUrl>#line-01579B-2550</styleUrl>
      <LineString>
        <tessellate>1</tessellate>
        <coordinates>
          -111.889876,41.247874,0
          -111.889885,41.247864,0
          -111.889946,41.247789,0
          -111.890011,41.247717,0
          -111.890081,41.247647,0
        </coordinates>
      </LineString>
    </Placemark>
    <Placemark>
      <name/>
      <description><![CDATA[CreationDate   4/1/2024 4:42:16 PM    <br>   Creator   jhlebasko    <br>   EditDate   4/1/2024 4:42:16 PM    <br>   Editor   jhlebasko]]></description>
      <styleUrl>#line-01579B-2550</styleUrl>
      <LineString>
        <tessellate>1</tessellate>
        <coordinates>
          -111.890081,41.247647,0
          -111.890178,41.24756,0
          -111.890281,41.247476,0
          -111.890325,41.247445,0
        </coordinates>
      </LineString>
    </Placemark>
    <Placemark>
      <name/>
      <description><![CDATA[CreationDate   4/1/2024 4:42:16 PM    <br>   Creator   jhlebasko    <br>   EditDate   4/1/2024 4:42:16 PM    <br>   Editor   jhlebasko]]></description>
      <styleUrl>#line-01579B-2550</styleUrl>
      <LineString>
        <tessellate>1</tessellate>
        <coordinates>
          -111.890325,41.247445,0
          -111.890588,41.247255,0
        </coordinates>
      </LineString>
    </Placemark>
    <Placemark>
      <name/>
      <description><![CDATA[CreationDate   4/1/2024 4:42:16 PM    <br>   Creator   jhlebasko    <br>   EditDate   4/1/2024 4:42:16 PM    <br>   Editor   jhlebasko]]></description>
      <styleUrl>#line-01579B-2550</styleUrl>
      <LineString>
        <tessellate>1</tessellate>
        <coordinates>
          -111.888813,41.248613,0
          -111.888813,41.248612,0
          -111.889101,41.248445,0
        </coordinates>
      </LineString>
    </Placemark>
    <Placemark>
      <name/>
      <description><![CDATA[CreationDate   4/1/2024 4:42:16 PM    <br>   Creator   jhlebasko    <br>   EditDate   4/1/2024 4:42:16 PM    <br>   Editor   jhlebasko]]></description>
      <styleUrl>#line-01579B-2550</styleUrl>
      <LineString>
        <tessellate>1</tessellate>
        <coordinates>
          -111.889101,41.248445,0
          -111.889383,41.248282,0
          -111.889389,41.248278,0
        </coordinates>
      </LineString>
    </Placemark>
    <Placemark>
      <name/>
      <description><![CDATA[CreationDate   4/1/2024 4:42:16 PM    <br>   Creator   jhlebasko    <br>   EditDate   4/1/2024 4:42:16 PM    <br>   Editor   jhlebasko]]></description>
      <styleUrl>#line-01579B-2550</styleUrl>
      <LineString>
        <tessellate>1</tessellate>
        <coordinates>
          -111.889389,41.248278,0
          -111.88939,41.248278,0
          -111.889483,41.24822,0
          -111.889572,41.248158,0
          -111.889656,41.248092,0
        </coordinates>
      </LineString>
    </Placemark>
    <Placemark>
      <name/>
      <description><![CDATA[CreationDate   4/1/2024 4:42:16 PM    <br>   Creator   jhlebasko    <br>   EditDate   4/1/2024 4:42:16 PM    <br>   Editor   jhlebasko]]></description>
      <styleUrl>#line-01579B-2550</styleUrl>
      <LineString>
        <tessellate>1</tessellate>
        <coordinates>
          -111.889656,41.248092,0
          -111.889735,41.248023,0
          -111.889809,41.24795,0
          -111.889876,41.247874,0
        </coordinates>
      </LineString>
    </Placemark>
    <Placemark>
      <name/>
      <description><![CDATA[CreationDate   4/1/2024 4:42:16 PM    <br>   Creator   jhlebasko    <br>   EditDate   4/1/2024 4:42:16 PM    <br>   Editor   jhlebasko]]></description>
      <styleUrl>#line-01579B-2550</styleUrl>
      <LineString>
        <tessellate>1</tessellate>
        <coordinates>
          -111.888236,41.248947,0
          -111.888524,41.24878,0
        </coordinates>
      </LineString>
    </Placemark>
    <Placemark>
      <name/>
      <description><![CDATA[CreationDate   4/1/2024 4:42:16 PM    <br>   Creator   jhlebasko    <br>   EditDate   4/1/2024 4:42:16 PM    <br>   Editor   jhlebasko]]></description>
      <styleUrl>#line-01579B-2550</styleUrl>
      <LineString>
        <tessellate>1</tessellate>
        <coordinates>
          -111.888524,41.24878,0
          -111.888813,41.248613,0
        </coordinates>
      </LineString>
    </Placemark>
    <Placemark>
      <name/>
      <description><![CDATA[CreationDate   4/1/2024 4:42:16 PM    <br>   Creator   jhlebasko    <br>   EditDate   4/1/2024 4:42:16 PM    <br>   Editor   jhlebasko]]></description>
      <styleUrl>#line-01579B-2550</styleUrl>
      <LineString>
        <tessellate>1</tessellate>
        <coordinates>
          -111.886192,41.249303,0
          -111.88621,41.249301,0
          -111.886325,41.249293,0
          -111.88644,41.249291,0
          -111.886555,41.249294,0
        </coordinates>
      </LineString>
    </Placemark>
    <Placemark>
      <name>Pipeline Alignment and ROW</name>
      <styleUrl>#line-01579B-2550-nodesc</styleUrl>
      <LineString>
        <tessellate>1</tessellate>
        <coordinates>
          -111.886555,41.249294,0
          -111.886664,41.249302,0
          -111.886747,41.249315,0
          -111.886831,41.249324,0
          -111.886915,41.24933,0
        </coordinates>
      </LineString>
    </Placemark>
    <Placemark>
      <name/>
      <description><![CDATA[CreationDate   4/1/2024 4:42:16 PM    <br>   Creator   jhlebasko    <br>   EditDate   4/1/2024 4:42:16 PM    <br>   Editor   jhlebasko]]></description>
      <styleUrl>#line-01579B-2550</styleUrl>
      <LineString>
        <tessellate>1</tessellate>
        <coordinates>
          -111.886915,41.24933,0
          -111.887036,41.249332,0
          -111.887157,41.249328,0
          -111.887278,41.249317,0
        </coordinates>
      </LineString>
    </Placemark>
    <Placemark>
      <name/>
      <description><![CDATA[CreationDate   4/1/2024 4:42:16 PM    <br>   Creator   jhlebasko    <br>   EditDate   4/1/2024 4:42:16 PM    <br>   Editor   jhlebasko]]></description>
      <styleUrl>#line-01579B-2550</styleUrl>
      <LineString>
        <tessellate>1</tessellate>
        <coordinates>
          -111.887278,41.249317,0
          -111.887397,41.249299,0
          -111.887513,41.249275,0
          -111.887627,41.249244,0
        </coordinates>
      </LineString>
    </Placemark>
    <Placemark>
      <name/>
      <description><![CDATA[CreationDate   4/1/2024 4:42:16 PM    <br>   Creator   jhlebasko    <br>   EditDate   4/1/2024 4:42:16 PM    <br>   Editor   jhlebasko]]></description>
      <styleUrl>#line-01579B-2550</styleUrl>
      <LineString>
        <tessellate>1</tessellate>
        <coordinates>
          -111.887627,41.249244,0
          -111.887738,41.249206,0
          -111.887844,41.249162,0
          -111.887946,41.249113,0
        </coordinates>
      </LineString>
    </Placemark>
    <Placemark>
      <name/>
      <description><![CDATA[CreationDate   4/1/2024 4:42:16 PM    <br>   Creator   jhlebasko    <br>   EditDate   4/1/2024 4:42:16 PM    <br>   Editor   jhlebasko]]></description>
      <styleUrl>#line-01579B-2550</styleUrl>
      <LineString>
        <tessellate>1</tessellate>
        <coordinates>
          -111.887946,41.249113,0
          -111.888003,41.249081,0
          -111.888236,41.248947,0
        </coordinates>
      </LineString>
    </Placemark>
    <Placemark>
      <name>Pipeline Alignment and ROW</name>
      <styleUrl>#line-01579B-2550-nodesc</styleUrl>
      <LineString>
        <tessellate>1</tessellate>
        <coordinates>
          -111.884401,41.249393,0
          -111.884671,41.24933,0
          -111.884749,41.249314,0
        </coordinates>
      </LineString>
    </Placemark>
    <Placemark>
      <name/>
      <description><![CDATA[CreationDate   4/1/2024 4:42:16 PM    <br>   Creator   jhlebasko    <br>   EditDate   4/1/2024 4:42:16 PM    <br>   Editor   jhlebasko]]></description>
      <styleUrl>#line-01579B-2550</styleUrl>
      <LineString>
        <tessellate>1</tessellate>
        <coordinates>
          -111.884749,41.249314,0
          -111.884839,41.249301,0
          -111.884929,41.249293,0
          -111.88502,41.249289,0
          -111.88511,41.249291,0
        </coordinates>
      </LineString>
    </Placemark>
    <Placemark>
      <name/>
      <description><![CDATA[CreationDate   4/1/2024 4:42:16 PM    <br>   Creator   jhlebasko    <br>   EditDate   4/1/2024 4:42:16 PM    <br>   Editor   jhlebasko]]></description>
      <styleUrl>#line-01579B-2550</styleUrl>
      <LineString>
        <tessellate>1</tessellate>
        <coordinates>
          -111.88511,41.249291,0
          -111.885111,41.249291,0
          -111.885208,41.249297,0
          -111.885471,41.249325,0
        </coordinates>
      </LineString>
    </Placemark>
    <Placemark>
      <name/>
      <description><![CDATA[CreationDate   4/1/2024 4:42:16 PM    <br>   Creator   jhlebasko    <br>   EditDate   4/1/2024 4:42:16 PM    <br>   Editor   jhlebasko]]></description>
      <styleUrl>#line-01579B-2550</styleUrl>
      <LineString>
        <tessellate>1</tessellate>
        <coordinates>
          -111.885471,41.249325,0
          -111.885581,41.249337,0
          -111.885665,41.249343,0
          -111.885749,41.249346,0
          -111.885833,41.249345,0
        </coordinates>
      </LineString>
    </Placemark>
    <Placemark>
      <name/>
      <description><![CDATA[CreationDate   4/1/2024 4:42:16 PM    <br>   Creator   jhlebasko    <br>   EditDate   4/1/2024 4:42:16 PM    <br>   Editor   jhlebasko]]></description>
      <styleUrl>#line-01579B-2550</styleUrl>
      <LineString>
        <tessellate>1</tessellate>
        <coordinates>
          -111.885833,41.249345,0
          -111.885923,41.249339,0
          -111.886012,41.249329,0
          -111.886192,41.249303,0
        </coordinates>
      </LineString>
    </Placemark>
    <Placemark>
      <name/>
      <description><![CDATA[CreationDate   4/1/2024 4:42:16 PM    <br>   Creator   jhlebasko    <br>   EditDate   4/1/2024 4:42:16 PM    <br>   Editor   jhlebasko]]></description>
      <styleUrl>#line-01579B-2550</styleUrl>
      <LineString>
        <tessellate>1</tessellate>
        <coordinates>
          -111.883161,41.249949,0
          -111.883273,41.24988,0
          -111.883447,41.24978,0
        </coordinates>
      </LineString>
    </Placemark>
    <Placemark>
      <name/>
      <description><![CDATA[CreationDate   4/1/2024 4:42:16 PM    <br>   Creator   jhlebasko    <br>   EditDate   4/1/2024 4:42:16 PM    <br>   Editor   jhlebasko]]></description>
      <styleUrl>#line-01579B-2550</styleUrl>
      <LineString>
        <tessellate>1</tessellate>
        <coordinates>
          -111.883447,41.24978,0
          -111.883448,41.24978,0
          -111.883639,41.24967,0
          -111.88374,41.249618,0
        </coordinates>
      </LineString>
    </Placemark>
    <Placemark>
      <name/>
      <description><![CDATA[CreationDate   4/1/2024 4:42:16 PM    <br>   Creator   jhlebasko    <br>   EditDate   4/1/2024 4:42:16 PM    <br>   Editor   jhlebasko]]></description>
      <styleUrl>#line-01579B-2550</styleUrl>
      <LineString>
        <tessellate>1</tessellate>
        <coordinates>
          -111.88374,41.249618,0
          -111.88374,41.249617,0
          -111.883844,41.249569,0
          -111.88395,41.249526,0
          -111.884059,41.249486,0
        </coordinates>
      </LineString>
    </Placemark>
    <Placemark>
      <name/>
      <description><![CDATA[CreationDate   4/1/2024 4:42:16 PM    <br>   Creator   jhlebasko    <br>   EditDate   4/1/2024 4:42:16 PM    <br>   Editor   jhlebasko]]></description>
      <styleUrl>#line-01579B-2550</styleUrl>
      <LineString>
        <tessellate>1</tessellate>
        <coordinates>
          -111.884059,41.249486,0
          -111.884173,41.24945,0
          -111.884288,41.249419,0
          -111.884401,41.249393,0
        </coordinates>
      </LineString>
    </Placemark>
    <Placemark>
      <name/>
      <description><![CDATA[CreationDate   4/1/2024 4:42:16 PM    <br>   Creator   jhlebasko    <br>   EditDate   4/1/2024 4:42:16 PM    <br>   Editor   jhlebasko]]></description>
      <styleUrl>#line-01579B-2550</styleUrl>
      <LineString>
        <tessellate>1</tessellate>
        <coordinates>
          -111.882906,41.250144,0
          -111.882944,41.250111,0
          -111.883013,41.250055,0
          -111.883086,41.250001,0
          -111.883161,41.249949,0
        </coordinates>
      </LineString>
    </Placemark>
    <Placemark>
      <name/>
      <description><![CDATA[CreationDate   4/1/2024 4:42:16 PM    <br>   Creator   jhlebasko    <br>   EditDate   4/1/2024 4:42:16 PM    <br>   Editor   jhlebasko]]></description>
      <styleUrl>#line-01579B-2550</styleUrl>
      <LineString>
        <tessellate>1</tessellate>
        <coordinates>
          -111.881461,41.251378,0
          -111.881702,41.251173,0
        </coordinates>
      </LineString>
    </Placemark>
    <Placemark>
      <name/>
      <description><![CDATA[CreationDate   4/1/2024 4:42:16 PM    <br>   Creator   jhlebasko    <br>   EditDate   4/1/2024 4:42:16 PM    <br>   Editor   jhlebasko]]></description>
      <styleUrl>#line-01579B-2550</styleUrl>
      <LineString>
        <tessellate>1</tessellate>
        <coordinates>
          -111.881702,41.251173,0
          -111.881943,41.250967,0
        </coordinates>
      </LineString>
    </Placemark>
    <Placemark>
      <name/>
      <description><![CDATA[CreationDate   4/1/2024 4:42:16 PM    <br>   Creator   jhlebasko    <br>   EditDate   4/1/2024 4:42:16 PM    <br>   Editor   jhlebasko]]></description>
      <styleUrl>#line-01579B-2550</styleUrl>
      <LineString>
        <tessellate>1</tessellate>
        <coordinates>
          -111.881943,41.250967,0
          -111.882184,41.250761,0
        </coordinates>
      </LineString>
    </Placemark>
    <Placemark>
      <name/>
      <description><![CDATA[CreationDate   4/1/2024 4:42:16 PM    <br>   Creator   jhlebasko    <br>   EditDate   4/1/2024 4:42:16 PM    <br>   Editor   jhlebasko]]></description>
      <styleUrl>#line-01579B-2550</styleUrl>
      <LineString>
        <tessellate>1</tessellate>
        <coordinates>
          -111.882184,41.250761,0
          -111.882424,41.250556,0
        </coordinates>
      </LineString>
    </Placemark>
    <Placemark>
      <name/>
      <description><![CDATA[CreationDate   4/1/2024 4:42:16 PM    <br>   Creator   jhlebasko    <br>   EditDate   4/1/2024 4:42:16 PM    <br>   Editor   jhlebasko]]></description>
      <styleUrl>#line-01579B-2550</styleUrl>
      <LineString>
        <tessellate>1</tessellate>
        <coordinates>
          -111.882424,41.250556,0
          -111.882665,41.25035,0
        </coordinates>
      </LineString>
    </Placemark>
    <Placemark>
      <name/>
      <description><![CDATA[CreationDate   4/1/2024 4:42:16 PM    <br>   Creator   jhlebasko    <br>   EditDate   4/1/2024 4:42:16 PM    <br>   Editor   jhlebasko]]></description>
      <styleUrl>#line-01579B-2550</styleUrl>
      <LineString>
        <tessellate>1</tessellate>
        <coordinates>
          -111.882665,41.25035,0
          -111.882906,41.250144,0
        </coordinates>
      </LineString>
    </Placemark>
    <Placemark>
      <name/>
      <description><![CDATA[CreationDate   4/1/2024 4:42:16 PM    <br>   Creator   jhlebasko    <br>   EditDate   4/1/2024 4:42:16 PM    <br>   Editor   jhlebasko]]></description>
      <styleUrl>#line-01579B-2550</styleUrl>
      <LineString>
        <tessellate>1</tessellate>
        <coordinates>
          -111.880936,41.251753,0
          -111.881014,41.251718,0
          -111.881088,41.251678,0
          -111.881157,41.251633,0
          -111.88122,41.251584,0
        </coordinates>
      </LineString>
    </Placemark>
    <Placemark>
      <name/>
      <description><![CDATA[CreationDate   4/1/2024 4:42:16 PM    <br>   Creator   jhlebasko    <br>   EditDate   4/1/2024 4:42:16 PM    <br>   Editor   jhlebasko]]></description>
      <styleUrl>#line-01579B-2550</styleUrl>
      <LineString>
        <tessellate>1</tessellate>
        <coordinates>
          -111.88122,41.251584,0
          -111.881225,41.25158,0
          -111.881461,41.251378,0
        </coordinates>
      </LineString>
    </Placemark>
    <Placemark>
      <name/>
      <description><![CDATA[CreationDate   4/1/2024 4:42:16 PM    <br>   Creator   jhlebasko    <br>   EditDate   4/1/2024 4:42:16 PM    <br>   Editor   jhlebasko]]></description>
      <styleUrl>#line-01579B-2550</styleUrl>
      <LineString>
        <tessellate>1</tessellate>
        <coordinates>
          -111.879143,41.251931,0
          -111.879505,41.251908,0
        </coordinates>
      </LineString>
    </Placemark>
    <Placemark>
      <name/>
      <description><![CDATA[CreationDate   4/1/2024 4:42:16 PM    <br>   Creator   jhlebasko    <br>   EditDate   4/1/2024 4:42:16 PM    <br>   Editor   jhlebasko]]></description>
      <styleUrl>#line-01579B-2550</styleUrl>
      <LineString>
        <tessellate>1</tessellate>
        <coordinates>
          -111.879505,41.251908,0
          -111.879506,41.251908,0
          -111.879868,41.251886,0
        </coordinates>
      </LineString>
    </Placemark>
    <Placemark>
      <name/>
      <description><![CDATA[CreationDate   4/1/2024 4:42:16 PM    <br>   Creator   jhlebasko    <br>   EditDate   4/1/2024 4:42:16 PM    <br>   Editor   jhlebasko]]></description>
      <styleUrl>#line-01579B-2550</styleUrl>
      <LineString>
        <tessellate>1</tessellate>
        <coordinates>
          -111.879868,41.251886,0
          -111.88023,41.251863,0
        </coordinates>
      </LineString>
    </Placemark>
    <Placemark>
      <name/>
      <description><![CDATA[CreationDate   4/1/2024 4:42:16 PM    <br>   Creator   jhlebasko    <br>   EditDate   4/1/2024 4:42:16 PM    <br>   Editor   jhlebasko]]></description>
      <styleUrl>#line-01579B-2550</styleUrl>
      <LineString>
        <tessellate>1</tessellate>
        <coordinates>
          -111.88023,41.251863,0
          -111.88053,41.251845,0
          -111.880593,41.251839,0
        </coordinates>
      </LineString>
    </Placemark>
    <Placemark>
      <name/>
      <description><![CDATA[CreationDate   4/1/2024 4:42:16 PM    <br>   Creator   jhlebasko    <br>   EditDate   4/1/2024 4:42:16 PM    <br>   Editor   jhlebasko]]></description>
      <styleUrl>#line-01579B-2550</styleUrl>
      <LineString>
        <tessellate>1</tessellate>
        <coordinates>
          -111.880593,41.251839,0
          -111.880682,41.251826,0
          -111.880769,41.251807,0
          -111.880854,41.251783,0
          -111.880936,41.251753,0
        </coordinates>
      </LineString>
    </Placemark>
    <Placemark>
      <name/>
      <description><![CDATA[CreationDate   4/1/2024 4:42:16 PM    <br>   Creator   jhlebasko    <br>   EditDate   4/1/2024 4:42:16 PM    <br>   Editor   jhlebasko]]></description>
      <styleUrl>#line-01579B-2550</styleUrl>
      <LineString>
        <tessellate>1</tessellate>
        <coordinates>
          -111.877405,41.25224,0
          -111.877536,41.252174,0
          -111.877624,41.252133,0
          -111.877714,41.252097,0
        </coordinates>
      </LineString>
    </Placemark>
    <Placemark>
      <name/>
      <description><![CDATA[CreationDate   4/1/2024 4:42:16 PM    <br>   Creator   jhlebasko    <br>   EditDate   4/1/2024 4:42:16 PM    <br>   Editor   jhlebasko]]></description>
      <styleUrl>#line-01579B-2550</styleUrl>
      <LineString>
        <tessellate>1</tessellate>
        <coordinates>
          -111.877714,41.252097,0
          -111.877797,41.252069,0
          -111.877882,41.252045,0
          -111.877969,41.252024,0
          -111.878057,41.252008,0
        </coordinates>
      </LineString>
    </Placemark>
    <Placemark>
      <name/>
      <description><![CDATA[CreationDate   4/1/2024 4:42:16 PM    <br>   Creator   jhlebasko    <br>   EditDate   4/1/2024 4:42:16 PM    <br>   Editor   jhlebasko]]></description>
      <styleUrl>#line-01579B-2550</styleUrl>
      <LineString>
        <tessellate>1</tessellate>
        <coordinates>
          -111.878057,41.252008,0
          -111.878152,41.251995,0
          -111.878247,41.251986,0
          -111.878418,41.251976,0
        </coordinates>
      </LineString>
    </Placemark>
    <Placemark>
      <name/>
      <description><![CDATA[CreationDate   4/1/2024 4:42:16 PM    <br>   Creator   jhlebasko    <br>   EditDate   4/1/2024 4:42:16 PM    <br>   Editor   jhlebasko]]></description>
      <styleUrl>#line-01579B-2550</styleUrl>
      <LineString>
        <tessellate>1</tessellate>
        <coordinates>
          -111.878418,41.251976,0
          -111.878781,41.251953,0
        </coordinates>
      </LineString>
    </Placemark>
    <Placemark>
      <name/>
      <description><![CDATA[CreationDate   4/1/2024 4:42:16 PM    <br>   Creator   jhlebasko    <br>   EditDate   4/1/2024 4:42:16 PM    <br>   Editor   jhlebasko]]></description>
      <styleUrl>#line-01579B-2550</styleUrl>
      <LineString>
        <tessellate>1</tessellate>
        <coordinates>
          -111.878781,41.251953,0
          -111.879143,41.251931,0
        </coordinates>
      </LineString>
    </Placemark>
    <Placemark>
      <name/>
      <description><![CDATA[CreationDate   4/1/2024 4:42:16 PM    <br>   Creator   jhlebasko    <br>   EditDate   4/1/2024 4:42:16 PM    <br>   Editor   jhlebasko]]></description>
      <styleUrl>#line-01579B-2550</styleUrl>
      <LineString>
        <tessellate>1</tessellate>
        <coordinates>
          -111.876498,41.252699,0
          -111.8768,41.252546,0
        </coordinates>
      </LineString>
    </Placemark>
    <Placemark>
      <name/>
      <description><![CDATA[CreationDate   4/1/2024 4:42:16 PM    <br>   Creator   jhlebasko    <br>   EditDate   4/1/2024 4:42:16 PM    <br>   Editor   jhlebasko]]></description>
      <styleUrl>#line-01579B-2550</styleUrl>
      <LineString>
        <tessellate>1</tessellate>
        <coordinates>
          -111.8768,41.252546,0
          -111.877102,41.252393,0
        </coordinates>
      </LineString>
    </Placemark>
    <Placemark>
      <name/>
      <description><![CDATA[CreationDate   4/1/2024 4:42:16 PM    <br>   Creator   jhlebasko    <br>   EditDate   4/1/2024 4:42:16 PM    <br>   Editor   jhlebasko]]></description>
      <styleUrl>#line-01579B-2550</styleUrl>
      <LineString>
        <tessellate>1</tessellate>
        <coordinates>
          -111.877102,41.252393,0
          -111.877103,41.252393,0
          -111.877405,41.25224,0
        </coordinates>
      </LineString>
    </Placemark>
    <Placemark>
      <name/>
      <description><![CDATA[CreationDate   4/1/2024 4:42:16 PM    <br>   Creator   jhlebasko    <br>   EditDate   4/1/2024 4:42:16 PM    <br>   Editor   jhlebasko]]></description>
      <styleUrl>#line-01579B-2550</styleUrl>
      <LineString>
        <tessellate>1</tessellate>
        <coordinates>
          -111.875551,41.253099,0
          -111.875665,41.25307,0
          -111.875778,41.253035,0
          -111.875887,41.252996,0
        </coordinates>
      </LineString>
    </Placemark>
    <Placemark>
      <name/>
      <description><![CDATA[CreationDate   4/1/2024 4:42:16 PM    <br>   Creator   jhlebasko    <br>   EditDate   4/1/2024 4:42:16 PM    <br>   Editor   jhlebasko]]></description>
      <styleUrl>#line-01579B-2550</styleUrl>
      <LineString>
        <tessellate>1</tessellate>
        <coordinates>
          -111.875887,41.252996,0
          -111.875992,41.252952,0
          -111.876093,41.252904,0
          -111.876196,41.252852,0
        </coordinates>
      </LineString>
    </Placemark>
    <Placemark>
      <name/>
      <description><![CDATA[CreationDate   4/1/2024 4:42:16 PM    <br>   Creator   jhlebasko    <br>   EditDate   4/1/2024 4:42:16 PM    <br>   Editor   jhlebasko]]></description>
      <styleUrl>#line-01579B-2550</styleUrl>
      <LineString>
        <tessellate>1</tessellate>
        <coordinates>
          -111.876196,41.252852,0
          -111.876498,41.252699,0
        </coordinates>
      </LineString>
    </Placemark>
    <Placemark>
      <name/>
      <description><![CDATA[CreationDate   4/1/2024 4:42:16 PM    <br>   Creator   jhlebasko    <br>   EditDate   4/1/2024 4:42:16 PM    <br>   Editor   jhlebasko]]></description>
      <styleUrl>#line-01579B-2550</styleUrl>
      <LineString>
        <tessellate>1</tessellate>
        <coordinates>
          -111.873743,41.253211,0
          -111.874106,41.253199,0
        </coordinates>
      </LineString>
    </Placemark>
    <Placemark>
      <name/>
      <description><![CDATA[CreationDate   4/1/2024 4:42:16 PM    <br>   Creator   jhlebasko    <br>   EditDate   4/1/2024 4:42:16 PM    <br>   Editor   jhlebasko]]></description>
      <styleUrl>#line-01579B-2550</styleUrl>
      <LineString>
        <tessellate>1</tessellate>
        <coordinates>
          -111.874106,41.253199,0
          -111.874469,41.253187,0
        </coordinates>
      </LineString>
    </Placemark>
    <Placemark>
      <name/>
      <description><![CDATA[CreationDate   4/1/2024 4:42:16 PM    <br>   Creator   jhlebasko    <br>   EditDate   4/1/2024 4:42:16 PM    <br>   Editor   jhlebasko]]></description>
      <styleUrl>#line-01579B-2550</styleUrl>
      <LineString>
        <tessellate>1</tessellate>
        <coordinates>
          -111.874469,41.253187,0
          -111.87447,41.253187,0
          -111.874833,41.253175,0
        </coordinates>
      </LineString>
    </Placemark>
    <Placemark>
      <name/>
      <description><![CDATA[CreationDate   4/1/2024 4:42:16 PM    <br>   Creator   jhlebasko    <br>   EditDate   4/1/2024 4:42:16 PM    <br>   Editor   jhlebasko]]></description>
      <styleUrl>#line-01579B-2550</styleUrl>
      <LineString>
        <tessellate>1</tessellate>
        <coordinates>
          -111.874833,41.253175,0
          -111.87503,41.253168,0
          -111.875113,41.253164,0
          -111.875196,41.253157,0
        </coordinates>
      </LineString>
    </Placemark>
    <Placemark>
      <name/>
      <description><![CDATA[CreationDate   4/1/2024 4:42:16 PM    <br>   Creator   jhlebasko    <br>   EditDate   4/1/2024 4:42:16 PM    <br>   Editor   jhlebasko]]></description>
      <styleUrl>#line-01579B-2550</styleUrl>
      <LineString>
        <tessellate>1</tessellate>
        <coordinates>
          -111.875196,41.253157,0
          -111.875315,41.253143,0
          -111.875434,41.253124,0
          -111.875551,41.253099,0
        </coordinates>
      </LineString>
    </Placemark>
    <Placemark>
      <name/>
      <description><![CDATA[CreationDate   4/1/2024 4:42:16 PM    <br>   Creator   jhlebasko    <br>   EditDate   4/1/2024 4:42:16 PM    <br>   Editor   jhlebasko]]></description>
      <styleUrl>#line-01579B-2550</styleUrl>
      <LineString>
        <tessellate>1</tessellate>
        <coordinates>
          -111.871926,41.253245,0
          -111.872107,41.253249,0
          -111.872289,41.253251,0
        </coordinates>
      </LineString>
    </Placemark>
    <Placemark>
      <name/>
      <description><![CDATA[CreationDate   4/1/2024 4:42:16 PM    <br>   Creator   jhlebasko    <br>   EditDate   4/1/2024 4:42:16 PM    <br>   Editor   jhlebasko]]></description>
      <styleUrl>#line-01579B-2550</styleUrl>
      <LineString>
        <tessellate>1</tessellate>
        <coordinates>
          -111.872289,41.253251,0
          -111.872471,41.25325,0
          -111.872653,41.253247,0
        </coordinates>
      </LineString>
    </Placemark>
    <Placemark>
      <name/>
      <description><![CDATA[CreationDate   4/1/2024 4:42:16 PM    <br>   Creator   jhlebasko    <br>   EditDate   4/1/2024 4:42:16 PM    <br>   Editor   jhlebasko]]></description>
      <styleUrl>#line-01579B-2550</styleUrl>
      <LineString>
        <tessellate>1</tessellate>
        <coordinates>
          -111.872653,41.253247,0
          -111.872781,41.253243,0
          -111.873016,41.253235,0
        </coordinates>
      </LineString>
    </Placemark>
    <Placemark>
      <name/>
      <description><![CDATA[CreationDate   4/1/2024 4:42:16 PM    <br>   Creator   jhlebasko    <br>   EditDate   4/1/2024 4:42:16 PM    <br>   Editor   jhlebasko]]></description>
      <styleUrl>#line-01579B-2550</styleUrl>
      <LineString>
        <tessellate>1</tessellate>
        <coordinates>
          -111.873016,41.253235,0
          -111.873379,41.253223,0
        </coordinates>
      </LineString>
    </Placemark>
    <Placemark>
      <name/>
      <description><![CDATA[CreationDate   4/1/2024 4:42:16 PM    <br>   Creator   jhlebasko    <br>   EditDate   4/1/2024 4:42:16 PM    <br>   Editor   jhlebasko]]></description>
      <styleUrl>#line-01579B-2550</styleUrl>
      <LineString>
        <tessellate>1</tessellate>
        <coordinates>
          -111.873379,41.253223,0
          -111.87338,41.253223,0
          -111.873743,41.253211,0
        </coordinates>
      </LineString>
    </Placemark>
    <Placemark>
      <name/>
      <description><![CDATA[CreationDate   4/1/2024 4:42:16 PM    <br>   Creator   jhlebasko    <br>   EditDate   4/1/2024 4:42:16 PM    <br>   Editor   jhlebasko]]></description>
      <styleUrl>#line-01579B-2550</styleUrl>
      <LineString>
        <tessellate>1</tessellate>
        <coordinates>
          -111.870273,41.253648,0
          -111.870273,41.253647,0
          -111.870414,41.253542,0
          -111.870475,41.2535,0
          -111.870539,41.253461,0
        </coordinates>
      </LineString>
    </Placemark>
    <Placemark>
      <name/>
      <description><![CDATA[CreationDate   4/1/2024 4:42:16 PM    <br>   Creator   jhlebasko    <br>   EditDate   4/1/2024 4:42:16 PM    <br>   Editor   jhlebasko]]></description>
      <styleUrl>#line-01579B-2550</styleUrl>
      <LineString>
        <tessellate>1</tessellate>
        <coordinates>
          -111.870539,41.253461,0
          -111.87054,41.253461,0
          -111.870613,41.253421,0
          -111.87069,41.253384,0
          -111.87077,41.253351,0
          -111.870852,41.253322,0
        </coordinates>
      </LineString>
    </Placemark>
    <Placemark>
      <name/>
      <description><![CDATA[CreationDate   4/1/2024 4:42:16 PM    <br>   Creator   jhlebasko    <br>   EditDate   4/1/2024 4:42:16 PM    <br>   Editor   jhlebasko]]></description>
      <styleUrl>#line-01579B-2550</styleUrl>
      <LineString>
        <tessellate>1</tessellate>
        <coordinates>
          -111.870852,41.253322,0
          -111.870937,41.253297,0
          -111.871023,41.253275,0
          -111.871111,41.253258,0
          -111.8712,41.253244,0
        </coordinates>
      </LineString>
    </Placemark>
    <Placemark>
      <name/>
      <description><![CDATA[CreationDate   4/1/2024 4:42:16 PM    <br>   Creator   jhlebasko    <br>   EditDate   4/1/2024 4:42:16 PM    <br>   Editor   jhlebasko]]></description>
      <styleUrl>#line-01579B-2550</styleUrl>
      <LineString>
        <tessellate>1</tessellate>
        <coordinates>
          -111.8712,41.253244,0
          -111.871308,41.253233,0
          -111.871417,41.253229,0
          -111.871525,41.25323,0
          -111.871562,41.253232,0
        </coordinates>
      </LineString>
    </Placemark>
    <Placemark>
      <name/>
      <description><![CDATA[CreationDate   4/1/2024 4:42:16 PM    <br>   Creator   jhlebasko    <br>   EditDate   4/1/2024 4:42:16 PM    <br>   Editor   jhlebasko]]></description>
      <styleUrl>#line-01579B-2550</styleUrl>
      <LineString>
        <tessellate>1</tessellate>
        <coordinates>
          -111.871562,41.253232,0
          -111.871787,41.25324,0
          -111.871926,41.253245,0
        </coordinates>
      </LineString>
    </Placemark>
    <Placemark>
      <name/>
      <description><![CDATA[CreationDate   4/1/2024 4:42:16 PM    <br>   Creator   jhlebasko    <br>   EditDate   4/1/2024 4:42:16 PM    <br>   Editor   jhlebasko]]></description>
      <styleUrl>#line-01579B-2550</styleUrl>
      <LineString>
        <tessellate>1</tessellate>
        <coordinates>
          -111.869756,41.254034,0
          -111.870015,41.253841,0
        </coordinates>
      </LineString>
    </Placemark>
    <Placemark>
      <name/>
      <description><![CDATA[CreationDate   4/1/2024 4:42:16 PM    <br>   Creator   jhlebasko    <br>   EditDate   4/1/2024 4:42:16 PM    <br>   Editor   jhlebasko]]></description>
      <styleUrl>#line-01579B-2550</styleUrl>
      <LineString>
        <tessellate>1</tessellate>
        <coordinates>
          -111.870015,41.253841,0
          -111.870273,41.253648,0
        </coordinates>
      </LineString>
    </Placemark>
    <Placemark>
      <name/>
      <description><![CDATA[CreationDate   4/1/2024 4:42:16 PM    <br>   Creator   jhlebasko    <br>   EditDate   4/1/2024 4:42:16 PM    <br>   Editor   jhlebasko]]></description>
      <styleUrl>#line-01579B-2550</styleUrl>
      <LineString>
        <tessellate>1</tessellate>
        <coordinates>
          -111.8665,41.253864,0
          -111.866501,41.253864,0
          -111.866586,41.253841,0
          -111.866674,41.253824,0
          -111.866764,41.253813,0
          -111.866854,41.253807,0
        </coordinates>
      </LineString>
    </Placemark>
    <Placemark>
      <name/>
      <description><![CDATA[CreationDate   4/1/2024 4:42:16 PM    <br>   Creator   jhlebasko    <br>   EditDate   4/1/2024 4:42:16 PM    <br>   Editor   jhlebasko]]></description>
      <styleUrl>#line-01579B-2550</styleUrl>
      <LineString>
        <tessellate>1</tessellate>
        <coordinates>
          -111.866854,41.253807,0
          -111.866855,41.253807,0
          -111.866899,41.253807,0
          -111.867159,41.253808,0
          -111.867218,41.25381,0
        </coordinates>
      </LineString>
    </Placemark>
    <Placemark>
      <name/>
      <description><![CDATA[CreationDate   4/1/2024 4:42:16 PM    <br>   Creator   jhlebasko    <br>   EditDate   4/1/2024 4:42:16 PM    <br>   Editor   jhlebasko]]></description>
      <styleUrl>#line-01579B-2550</styleUrl>
      <LineString>
        <tessellate>1</tessellate>
        <coordinates>
          -111.867218,41.25381,0
          -111.867308,41.253817,0
          -111.867398,41.25383,0
          -111.867485,41.253849,0
          -111.86757,41.253874,0
        </coordinates>
      </LineString>
    </Placemark>
    <Placemark>
      <name/>
      <description><![CDATA[CreationDate   4/1/2024 4:42:16 PM    <br>   Creator   jhlebasko    <br>   EditDate   4/1/2024 4:42:16 PM    <br>   Editor   jhlebasko]]></description>
      <styleUrl>#line-01579B-2550</styleUrl>
      <LineString>
        <tessellate>1</tessellate>
        <coordinates>
          -111.866187,41.254002,0
          -111.866311,41.253939,0
          -111.866372,41.253911,0
          -111.866435,41.253886,0
          -111.8665,41.253864,0
        </coordinates>
      </LineString>
    </Placemark>
    <Placemark>
      <name/>
      <description><![CDATA[CreationDate   4/1/2024 4:42:16 PM    <br>   Creator   jhlebasko    <br>   EditDate   4/1/2024 4:42:16 PM    <br>   Editor   jhlebasko]]></description>
      <styleUrl>#line-01579B-2550</styleUrl>
      <LineString>
        <tessellate>1</tessellate>
        <coordinates>
          -111.852426,41.253784,0
          -111.852789,41.253797,0
        </coordinates>
      </LineString>
    </Placemark>
    <Placemark>
      <name/>
      <description><![CDATA[CreationDate   4/1/2024 4:42:16 PM    <br>   Creator   jhlebasko    <br>   EditDate   4/1/2024 4:42:16 PM    <br>   Editor   jhlebasko]]></description>
      <styleUrl>#line-01579B-2550</styleUrl>
      <LineString>
        <tessellate>1</tessellate>
        <coordinates>
          -111.852789,41.253797,0
          -111.853152,41.25381,0
        </coordinates>
      </LineString>
    </Placemark>
    <Placemark>
      <name/>
      <description><![CDATA[CreationDate   4/1/2024 4:42:16 PM    <br>   Creator   jhlebasko    <br>   EditDate   4/1/2024 4:42:16 PM    <br>   Editor   jhlebasko]]></description>
      <styleUrl>#line-01579B-2550</styleUrl>
      <LineString>
        <tessellate>1</tessellate>
        <coordinates>
          -111.853152,41.25381,0
          -111.853153,41.25381,0
          -111.853516,41.253823,0
        </coordinates>
      </LineString>
    </Placemark>
    <Placemark>
      <name/>
      <description><![CDATA[CreationDate   4/1/2024 4:42:16 PM    <br>   Creator   jhlebasko    <br>   EditDate   4/1/2024 4:42:16 PM    <br>   Editor   jhlebasko]]></description>
      <styleUrl>#line-01579B-2550</styleUrl>
      <LineString>
        <tessellate>1</tessellate>
        <coordinates>
          -111.853516,41.253823,0
          -111.853631,41.253827,0
          -111.853713,41.253832,0
          -111.853795,41.253841,0
          -111.853876,41.253854,0
        </coordinates>
      </LineString>
    </Placemark>
    <Placemark>
      <name/>
      <description><![CDATA[CreationDate   4/1/2024 4:42:16 PM    <br>   Creator   jhlebasko    <br>   EditDate   4/1/2024 4:42:16 PM    <br>   Editor   jhlebasko]]></description>
      <styleUrl>#line-01579B-2550</styleUrl>
      <LineString>
        <tessellate>1</tessellate>
        <coordinates>
          -111.853876,41.253854,0
          -111.853964,41.253873,0
          -111.85405,41.253896,0
          -111.854133,41.253923,0
          -111.854213,41.253955,0
        </coordinates>
      </LineString>
    </Placemark>
    <Placemark>
      <name/>
      <description><![CDATA[CreationDate   4/1/2024 4:42:16 PM    <br>   Creator   jhlebasko    <br>   EditDate   4/1/2024 4:42:16 PM    <br>   Editor   jhlebasko]]></description>
      <styleUrl>#line-01579B-2550</styleUrl>
      <LineString>
        <tessellate>1</tessellate>
        <coordinates>
          -111.850708,41.254088,0
          -111.851027,41.253956,0
        </coordinates>
      </LineString>
    </Placemark>
    <Placemark>
      <name/>
      <description><![CDATA[CreationDate   4/1/2024 4:42:16 PM    <br>   Creator   jhlebasko    <br>   EditDate   4/1/2024 4:42:16 PM    <br>   Editor   jhlebasko]]></description>
      <styleUrl>#line-01579B-2550</styleUrl>
      <LineString>
        <tessellate>1</tessellate>
        <coordinates>
          -111.851027,41.253956,0
          -111.851264,41.253858,0
          -111.851348,41.253827,0
        </coordinates>
      </LineString>
    </Placemark>
    <Placemark>
      <name/>
      <description><![CDATA[CreationDate   4/1/2024 4:42:16 PM    <br>   Creator   jhlebasko    <br>   EditDate   4/1/2024 4:42:16 PM    <br>   Editor   jhlebasko]]></description>
      <styleUrl>#line-01579B-2550</styleUrl>
      <LineString>
        <tessellate>1</tessellate>
        <coordinates>
          -111.851348,41.253827,0
          -111.851433,41.253802,0
          -111.85152,41.253783,0
          -111.851609,41.25377,0
          -111.851699,41.253762,0
        </coordinates>
      </LineString>
    </Placemark>
    <Placemark>
      <name/>
      <description><![CDATA[CreationDate   4/1/2024 4:42:16 PM    <br>   Creator   jhlebasko    <br>   EditDate   4/1/2024 4:42:16 PM    <br>   Editor   jhlebasko]]></description>
      <styleUrl>#line-01579B-2550</styleUrl>
      <LineString>
        <tessellate>1</tessellate>
        <coordinates>
          -111.851699,41.253762,0
          -111.851759,41.253761,0
          -111.851818,41.253761,0
          -111.852063,41.25377,0
        </coordinates>
      </LineString>
    </Placemark>
    <Placemark>
      <name/>
      <description><![CDATA[CreationDate   4/1/2024 4:42:16 PM    <br>   Creator   jhlebasko    <br>   EditDate   4/1/2024 4:42:16 PM    <br>   Editor   jhlebasko]]></description>
      <styleUrl>#line-01579B-2550</styleUrl>
      <LineString>
        <tessellate>1</tessellate>
        <coordinates>
          -111.852063,41.25377,0
          -111.852426,41.253784,0
        </coordinates>
      </LineString>
    </Placemark>
    <Placemark>
      <name/>
      <description><![CDATA[CreationDate   4/1/2024 4:42:16 PM    <br>   Creator   jhlebasko    <br>   EditDate   4/1/2024 4:42:16 PM    <br>   Editor   jhlebasko]]></description>
      <styleUrl>#line-01579B-2550</styleUrl>
      <LineString>
        <tessellate>1</tessellate>
        <coordinates>
          -111.868455,41.254343,0
          -111.868542,41.254363,0
          -111.868631,41.254377,0
          -111.868721,41.254386,0
          -111.868812,41.254389,0
        </coordinates>
      </LineString>
    </Placemark>
    <Placemark>
      <name/>
      <description><![CDATA[CreationDate   4/1/2024 4:42:16 PM    <br>   Creator   jhlebasko    <br>   EditDate   4/1/2024 4:42:16 PM    <br>   Editor   jhlebasko]]></description>
      <styleUrl>#line-01579B-2550</styleUrl>
      <LineString>
        <tessellate>1</tessellate>
        <coordinates>
          -111.868812,41.254389,0
          -111.868903,41.254387,0
          -111.868993,41.254379,0
          -111.869082,41.254366,0
          -111.86917,41.254347,0
        </coordinates>
      </LineString>
    </Placemark>
    <Placemark>
      <name/>
      <description><![CDATA[CreationDate   4/1/2024 4:42:16 PM    <br>   Creator   jhlebasko    <br>   EditDate   4/1/2024 4:42:16 PM    <br>   Editor   jhlebasko]]></description>
      <styleUrl>#line-01579B-2550</styleUrl>
      <LineString>
        <tessellate>1</tessellate>
        <coordinates>
          -111.86917,41.254347,0
          -111.869255,41.254323,0
          -111.869337,41.254294,0
          -111.869416,41.25426,0
          -111.869491,41.254221,0
        </coordinates>
      </LineString>
    </Placemark>
    <Placemark>
      <name/>
      <description><![CDATA[CreationDate   4/1/2024 4:42:16 PM    <br>   Creator   jhlebasko    <br>   EditDate   4/1/2024 4:42:16 PM    <br>   Editor   jhlebasko]]></description>
      <styleUrl>#line-01579B-2550</styleUrl>
      <LineString>
        <tessellate>1</tessellate>
        <coordinates>
          -111.869491,41.254221,0
          -111.869548,41.254186,0
          -111.869601,41.254149,0
          -111.869756,41.254034,0
        </coordinates>
      </LineString>
    </Placemark>
    <Placemark>
      <name/>
      <description><![CDATA[CreationDate   4/1/2024 4:42:16 PM    <br>   Creator   jhlebasko    <br>   EditDate   4/1/2024 4:42:16 PM    <br>   Editor   jhlebasko]]></description>
      <styleUrl>#line-01579B-2550</styleUrl>
      <LineString>
        <tessellate>1</tessellate>
        <coordinates>
          -111.86757,41.253874,0
          -111.867651,41.253904,0
          -111.867729,41.25394,0
          -111.867803,41.25398,0
          -111.867871,41.254025,0
        </coordinates>
      </LineString>
    </Placemark>
    <Placemark>
      <name/>
      <description><![CDATA[CreationDate   4/1/2024 4:42:16 PM    <br>   Creator   jhlebasko    <br>   EditDate   4/1/2024 4:42:16 PM    <br>   Editor   jhlebasko]]></description>
      <styleUrl>#line-01579B-2550</styleUrl>
      <LineString>
        <tessellate>1</tessellate>
        <coordinates>
          -111.867871,41.254025,0
          -111.867873,41.254026,0
          -111.868105,41.254193,0
          -111.868137,41.254212,0
        </coordinates>
      </LineString>
    </Placemark>
    <Placemark>
      <name/>
      <description><![CDATA[CreationDate   4/1/2024 4:42:16 PM    <br>   Creator   jhlebasko    <br>   EditDate   4/1/2024 4:42:16 PM    <br>   Editor   jhlebasko]]></description>
      <styleUrl>#line-01579B-2550</styleUrl>
      <LineString>
        <tessellate>1</tessellate>
        <coordinates>
          -111.868137,41.254212,0
          -111.868211,41.254252,0
          -111.868289,41.254287,0
          -111.868371,41.254318,0
          -111.868455,41.254343,0
        </coordinates>
      </LineString>
    </Placemark>
    <Placemark>
      <name>Pipeline Alignment and ROW</name>
      <styleUrl>#line-01579B-2550-nodesc</styleUrl>
      <LineString>
        <tessellate>1</tessellate>
        <coordinates>
          -111.864975,41.254609,0
          -111.865278,41.254458,0
        </coordinates>
      </LineString>
    </Placemark>
    <Placemark>
      <name/>
      <description><![CDATA[CreationDate   4/1/2024 4:42:16 PM    <br>   Creator   jhlebasko    <br>   EditDate   4/1/2024 4:42:16 PM    <br>   Editor   jhlebasko]]></description>
      <styleUrl>#line-01579B-2550</styleUrl>
      <LineString>
        <tessellate>1</tessellate>
        <coordinates>
          -111.865278,41.254458,0
          -111.865278,41.254457,0
          -111.865581,41.254306,0
        </coordinates>
      </LineString>
    </Placemark>
    <Placemark>
      <name/>
      <description><![CDATA[CreationDate   4/1/2024 4:42:16 PM    <br>   Creator   jhlebasko    <br>   EditDate   4/1/2024 4:42:16 PM    <br>   Editor   jhlebasko]]></description>
      <styleUrl>#line-01579B-2550</styleUrl>
      <LineString>
        <tessellate>1</tessellate>
        <coordinates>
          -111.865581,41.254306,0
          -111.865884,41.254154,0
        </coordinates>
      </LineString>
    </Placemark>
    <Placemark>
      <name/>
      <description><![CDATA[CreationDate   4/1/2024 4:42:16 PM    <br>   Creator   jhlebasko    <br>   EditDate   4/1/2024 4:42:16 PM    <br>   Editor   jhlebasko]]></description>
      <styleUrl>#line-01579B-2550</styleUrl>
      <LineString>
        <tessellate>1</tessellate>
        <coordinates>
          -111.865884,41.254154,0
          -111.866187,41.254002,0
        </coordinates>
      </LineString>
    </Placemark>
    <Placemark>
      <name/>
      <description><![CDATA[CreationDate   4/1/2024 4:42:16 PM    <br>   Creator   jhlebasko    <br>   EditDate   4/1/2024 4:42:16 PM    <br>   Editor   jhlebasko]]></description>
      <styleUrl>#line-01579B-2550</styleUrl>
      <LineString>
        <tessellate>1</tessellate>
        <coordinates>
          -111.862986,41.254473,0
          -111.863112,41.254522,0
          -111.863234,41.254578,0
          -111.8633,41.25461,0
        </coordinates>
      </LineString>
    </Placemark>
    <Placemark>
      <name/>
      <description><![CDATA[CreationDate   4/1/2024 4:42:16 PM    <br>   Creator   jhlebasko    <br>   EditDate   4/1/2024 4:42:16 PM    <br>   Editor   jhlebasko]]></description>
      <styleUrl>#line-01579B-2550</styleUrl>
      <LineString>
        <tessellate>1</tessellate>
        <coordinates>
          -111.8633,41.25461,0
          -111.8635,41.254708,0
          -111.863555,41.254732,0
          -111.86361,41.254753,0
        </coordinates>
      </LineString>
    </Placemark>
    <Placemark>
      <name/>
      <description><![CDATA[CreationDate   4/1/2024 4:42:16 PM    <br>   Creator   jhlebasko    <br>   EditDate   4/1/2024 4:42:16 PM    <br>   Editor   jhlebasko]]></description>
      <styleUrl>#line-01579B-2550</styleUrl>
      <LineString>
        <tessellate>1</tessellate>
        <coordinates>
          -111.86361,41.254753,0
          -111.863694,41.25478,0
          -111.86378,41.254803,0
          -111.863868,41.25482,0
          -111.863957,41.254833,0
        </coordinates>
      </LineString>
    </Placemark>
    <Placemark>
      <name/>
      <description><![CDATA[CreationDate   4/1/2024 4:42:16 PM    <br>   Creator   jhlebasko    <br>   EditDate   4/1/2024 4:42:16 PM    <br>   Editor   jhlebasko]]></description>
      <styleUrl>#line-01579B-2550</styleUrl>
      <LineString>
        <tessellate>1</tessellate>
        <coordinates>
          -111.863957,41.254833,0
          -111.864047,41.25484,0
          -111.864138,41.254843,0
          -111.864229,41.254841,0
          -111.864319,41.254833,0
        </coordinates>
      </LineString>
    </Placemark>
    <Placemark>
      <name/>
      <description><![CDATA[CreationDate   4/1/2024 4:42:16 PM    <br>   Creator   jhlebasko    <br>   EditDate   4/1/2024 4:42:16 PM    <br>   Editor   jhlebasko]]></description>
      <styleUrl>#line-01579B-2550</styleUrl>
      <LineString>
        <tessellate>1</tessellate>
        <coordinates>
          -111.864319,41.254833,0
          -111.864409,41.25482,0
          -111.864497,41.254803,0
          -111.864583,41.254781,0
          -111.864666,41.254753,0
        </coordinates>
      </LineString>
    </Placemark>
    <Placemark>
      <name/>
      <description><![CDATA[CreationDate   4/1/2024 4:42:16 PM    <br>   Creator   jhlebasko    <br>   EditDate   4/1/2024 4:42:16 PM    <br>   Editor   jhlebasko]]></description>
      <styleUrl>#line-01579B-2550</styleUrl>
      <LineString>
        <tessellate>1</tessellate>
        <coordinates>
          -111.864666,41.254753,0
          -111.864759,41.254716,0
          -111.864847,41.254674,0
          -111.864975,41.254609,0
        </coordinates>
      </LineString>
    </Placemark>
    <Placemark>
      <name/>
      <description><![CDATA[CreationDate   4/1/2024 4:42:16 PM    <br>   Creator   jhlebasko    <br>   EditDate   4/1/2024 4:42:16 PM    <br>   Editor   jhlebasko]]></description>
      <styleUrl>#line-01579B-2550</styleUrl>
      <LineString>
        <tessellate>1</tessellate>
        <coordinates>
          -111.861238,41.254114,0
          -111.861238,41.254115,0
          -111.861359,41.254121,0
          -111.86148,41.254132,0
          -111.861599,41.254146,0
        </coordinates>
      </LineString>
    </Placemark>
    <Placemark>
      <name/>
      <description><![CDATA[CreationDate   4/1/2024 4:42:16 PM    <br>   Creator   jhlebasko    <br>   EditDate   4/1/2024 4:42:16 PM    <br>   Editor   jhlebasko]]></description>
      <styleUrl>#line-01579B-2550</styleUrl>
      <LineString>
        <tessellate>1</tessellate>
        <coordinates>
          -111.861599,41.254146,0
          -111.8616,41.254146,0
          -111.861718,41.254164,0
          -111.861836,41.254185,0
          -111.861953,41.25421,0
        </coordinates>
      </LineString>
    </Placemark>
    <Placemark>
      <name/>
      <description><![CDATA[CreationDate   4/1/2024 4:42:16 PM    <br>   Creator   jhlebasko    <br>   EditDate   4/1/2024 4:42:16 PM    <br>   Editor   jhlebasko]]></description>
      <styleUrl>#line-01579B-2550</styleUrl>
      <LineString>
        <tessellate>1</tessellate>
        <coordinates>
          -111.861953,41.25421,0
          -111.861964,41.254213,0
          -111.8623,41.254292,0
        </coordinates>
      </LineString>
    </Placemark>
    <Placemark>
      <name/>
      <description><![CDATA[CreationDate   4/1/2024 4:42:16 PM    <br>   Creator   jhlebasko    <br>   EditDate   4/1/2024 4:42:16 PM    <br>   Editor   jhlebasko]]></description>
      <styleUrl>#line-01579B-2550</styleUrl>
      <LineString>
        <tessellate>1</tessellate>
        <coordinates>
          -111.8623,41.254292,0
          -111.862647,41.254373,0
        </coordinates>
      </LineString>
    </Placemark>
    <Placemark>
      <name/>
      <description><![CDATA[CreationDate   4/1/2024 4:42:16 PM    <br>   Creator   jhlebasko    <br>   EditDate   4/1/2024 4:42:16 PM    <br>   Editor   jhlebasko]]></description>
      <styleUrl>#line-01579B-2550</styleUrl>
      <LineString>
        <tessellate>1</tessellate>
        <coordinates>
          -111.862647,41.254373,0
          -111.862662,41.254376,0
          -111.862772,41.254404,0
          -111.86288,41.254437,0
          -111.862986,41.254473,0
        </coordinates>
      </LineString>
    </Placemark>
    <Placemark>
      <name/>
      <description><![CDATA[CreationDate   4/1/2024 4:42:16 PM    <br>   Creator   jhlebasko    <br>   EditDate   4/1/2024 4:42:16 PM    <br>   Editor   jhlebasko]]></description>
      <styleUrl>#line-01579B-2550</styleUrl>
      <LineString>
        <tessellate>1</tessellate>
        <coordinates>
          -111.859452,41.25433,0
          -111.859803,41.25426,0
        </coordinates>
      </LineString>
    </Placemark>
    <Placemark>
      <name/>
      <description><![CDATA[CreationDate   4/1/2024 4:42:16 PM    <br>   Creator   jhlebasko    <br>   EditDate   4/1/2024 4:42:16 PM    <br>   Editor   jhlebasko]]></description>
      <styleUrl>#line-01579B-2550</styleUrl>
      <LineString>
        <tessellate>1</tessellate>
        <coordinates>
          -111.859803,41.25426,0
          -111.860134,41.254193,0
          -111.860155,41.254189,0
        </coordinates>
      </LineString>
    </Placemark>
    <Placemark>
      <name/>
      <description><![CDATA[CreationDate   4/1/2024 4:42:16 PM    <br>   Creator   jhlebasko    <br>   EditDate   4/1/2024 4:42:16 PM    <br>   Editor   jhlebasko]]></description>
      <styleUrl>#line-01579B-2550</styleUrl>
      <LineString>
        <tessellate>1</tessellate>
        <coordinates>
          -111.860155,41.254189,0
          -111.860267,41.25417,0
          -111.86038,41.254155,0
          -111.860494,41.254144,0
          -111.860513,41.254143,0
        </coordinates>
      </LineString>
    </Placemark>
    <Placemark>
      <name/>
      <description><![CDATA[CreationDate   4/1/2024 4:42:16 PM    <br>   Creator   jhlebasko    <br>   EditDate   4/1/2024 4:42:16 PM    <br>   Editor   jhlebasko]]></description>
      <styleUrl>#line-01579B-2550</styleUrl>
      <LineString>
        <tessellate>1</tessellate>
        <coordinates>
          -111.860513,41.254143,0
          -111.860784,41.254122,0
          -111.860875,41.254117,0
        </coordinates>
      </LineString>
    </Placemark>
    <Placemark>
      <name/>
      <description><![CDATA[CreationDate   4/1/2024 4:42:16 PM    <br>   Creator   jhlebasko    <br>   EditDate   4/1/2024 4:42:16 PM    <br>   Editor   jhlebasko]]></description>
      <styleUrl>#line-01579B-2550</styleUrl>
      <LineString>
        <tessellate>1</tessellate>
        <coordinates>
          -111.860875,41.254117,0
          -111.860996,41.254112,0
          -111.861117,41.254111,0
          -111.861238,41.254114,0
        </coordinates>
      </LineString>
    </Placemark>
    <Placemark>
      <name/>
      <description><![CDATA[CreationDate   4/1/2024 4:42:16 PM    <br>   Creator   jhlebasko    <br>   EditDate   4/1/2024 4:42:16 PM    <br>   Editor   jhlebasko]]></description>
      <styleUrl>#line-01579B-2550</styleUrl>
      <LineString>
        <tessellate>1</tessellate>
        <coordinates>
          -111.857671,41.254605,0
          -111.85803,41.254559,0
        </coordinates>
      </LineString>
    </Placemark>
    <Placemark>
      <name/>
      <description><![CDATA[CreationDate   4/1/2024 4:42:16 PM    <br>   Creator   jhlebasko    <br>   EditDate   4/1/2024 4:42:16 PM    <br>   Editor   jhlebasko]]></description>
      <styleUrl>#line-01579B-2550</styleUrl>
      <LineString>
        <tessellate>1</tessellate>
        <coordinates>
          -111.85803,41.254559,0
          -111.858388,41.254512,0
        </coordinates>
      </LineString>
    </Placemark>
    <Placemark>
      <name/>
      <description><![CDATA[CreationDate   4/1/2024 4:42:16 PM    <br>   Creator   jhlebasko    <br>   EditDate   4/1/2024 4:42:16 PM    <br>   Editor   jhlebasko]]></description>
      <styleUrl>#line-01579B-2550</styleUrl>
      <LineString>
        <tessellate>1</tessellate>
        <coordinates>
          -111.858388,41.254512,0
          -111.858577,41.254488,0
          -111.858746,41.254462,0
        </coordinates>
      </LineString>
    </Placemark>
    <Placemark>
      <name/>
      <description><![CDATA[CreationDate   4/1/2024 4:42:16 PM    <br>   Creator   jhlebasko    <br>   EditDate   4/1/2024 4:42:16 PM    <br>   Editor   jhlebasko]]></description>
      <styleUrl>#line-01579B-2550</styleUrl>
      <LineString>
        <tessellate>1</tessellate>
        <coordinates>
          -111.858746,41.254462,0
          -111.858923,41.254432,0
          -111.8591,41.2544,0
        </coordinates>
      </LineString>
    </Placemark>
    <Placemark>
      <name/>
      <description><![CDATA[CreationDate   4/1/2024 4:42:16 PM    <br>   Creator   jhlebasko    <br>   EditDate   4/1/2024 4:42:16 PM    <br>   Editor   jhlebasko]]></description>
      <styleUrl>#line-01579B-2550</styleUrl>
      <LineString>
        <tessellate>1</tessellate>
        <coordinates>
          -111.8591,41.2544,0
          -111.859247,41.254371,0
          -111.859452,41.25433,0
        </coordinates>
      </LineString>
    </Placemark>
    <Placemark>
      <name/>
      <description><![CDATA[CreationDate   4/1/2024 4:42:16 PM    <br>   Creator   jhlebasko    <br>   EditDate   4/1/2024 4:42:16 PM    <br>   Editor   jhlebasko]]></description>
      <styleUrl>#line-01579B-2550</styleUrl>
      <LineString>
        <tessellate>1</tessellate>
        <coordinates>
          -111.855883,41.254476,0
          -111.856238,41.254535,0
        </coordinates>
      </LineString>
    </Placemark>
    <Placemark>
      <name/>
      <description><![CDATA[CreationDate   4/1/2024 4:42:16 PM    <br>   Creator   jhlebasko    <br>   EditDate   4/1/2024 4:42:16 PM    <br>   Editor   jhlebasko]]></description>
      <styleUrl>#line-01579B-2550</styleUrl>
      <LineString>
        <tessellate>1</tessellate>
        <coordinates>
          -111.856238,41.254535,0
          -111.856239,41.254535,0
          -111.856594,41.254595,0
        </coordinates>
      </LineString>
    </Placemark>
    <Placemark>
      <name/>
      <description><![CDATA[CreationDate   4/1/2024 4:42:16 PM    <br>   Creator   jhlebasko    <br>   EditDate   4/1/2024 4:42:16 PM    <br>   Editor   jhlebasko]]></description>
      <styleUrl>#line-01579B-2550</styleUrl>
      <LineString>
        <tessellate>1</tessellate>
        <coordinates>
          -111.856594,41.254595,0
          -111.856794,41.254628,0
          -111.856871,41.25464,0
          -111.85695,41.254649,0
        </coordinates>
      </LineString>
    </Placemark>
    <Placemark>
      <name/>
      <description><![CDATA[CreationDate   4/1/2024 4:42:16 PM    <br>   Creator   jhlebasko    <br>   EditDate   4/1/2024 4:42:16 PM    <br>   Editor   jhlebasko]]></description>
      <styleUrl>#line-01579B-2550</styleUrl>
      <LineString>
        <tessellate>1</tessellate>
        <coordinates>
          -111.85695,41.254649,0
          -111.85704,41.254656,0
          -111.857131,41.254658,0
          -111.857222,41.254656,0
          -111.857313,41.25465,0
        </coordinates>
      </LineString>
    </Placemark>
    <Placemark>
      <name/>
      <description><![CDATA[CreationDate   4/1/2024 4:42:16 PM    <br>   Creator   jhlebasko    <br>   EditDate   4/1/2024 4:42:16 PM    <br>   Editor   jhlebasko]]></description>
      <styleUrl>#line-01579B-2550</styleUrl>
      <LineString>
        <tessellate>1</tessellate>
        <coordinates>
          -111.857313,41.25465,0
          -111.857405,41.254639,0
          -111.857671,41.254605,0
        </coordinates>
      </LineString>
    </Placemark>
    <Placemark>
      <name/>
      <description><![CDATA[CreationDate   4/1/2024 4:42:16 PM    <br>   Creator   jhlebasko    <br>   EditDate   4/1/2024 4:42:16 PM    <br>   Editor   jhlebasko]]></description>
      <styleUrl>#line-01579B-2550</styleUrl>
      <LineString>
        <tessellate>1</tessellate>
        <coordinates>
          -111.854213,41.253955,0
          -111.854231,41.253963,0
          -111.854517,41.25409,0
          -111.854527,41.254094,0
        </coordinates>
      </LineString>
    </Placemark>
    <Placemark>
      <name/>
      <description><![CDATA[CreationDate   4/1/2024 4:42:16 PM    <br>   Creator   jhlebasko    <br>   EditDate   4/1/2024 4:42:16 PM    <br>   Editor   jhlebasko]]></description>
      <styleUrl>#line-01579B-2550</styleUrl>
      <LineString>
        <tessellate>1</tessellate>
        <coordinates>
          -111.854527,41.254094,0
          -111.854686,41.254161,0
          -111.854848,41.254222,0
        </coordinates>
      </LineString>
    </Placemark>
    <Placemark>
      <name/>
      <description><![CDATA[CreationDate   4/1/2024 4:42:16 PM    <br>   Creator   jhlebasko    <br>   EditDate   4/1/2024 4:42:16 PM    <br>   Editor   jhlebasko]]></description>
      <styleUrl>#line-01579B-2550</styleUrl>
      <LineString>
        <tessellate>1</tessellate>
        <coordinates>
          -111.854848,41.254222,0
          -111.855014,41.254278,0
          -111.855183,41.254329,0
        </coordinates>
      </LineString>
    </Placemark>
    <Placemark>
      <name/>
      <description><![CDATA[CreationDate   4/1/2024 4:42:16 PM    <br>   Creator   jhlebasko    <br>   EditDate   4/1/2024 4:42:16 PM    <br>   Editor   jhlebasko]]></description>
      <styleUrl>#line-01579B-2550</styleUrl>
      <LineString>
        <tessellate>1</tessellate>
        <coordinates>
          -111.855183,41.254329,0
          -111.855355,41.254374,0
          -111.855529,41.254413,0
        </coordinates>
      </LineString>
    </Placemark>
    <Placemark>
      <name/>
      <description><![CDATA[CreationDate   4/1/2024 4:42:16 PM    <br>   Creator   jhlebasko    <br>   EditDate   4/1/2024 4:42:16 PM    <br>   Editor   jhlebasko]]></description>
      <styleUrl>#line-01579B-2550</styleUrl>
      <LineString>
        <tessellate>1</tessellate>
        <coordinates>
          -111.855529,41.254413,0
          -111.85553,41.254413,0
          -111.85563,41.254433,0
          -111.85573,41.25445,0
          -111.855883,41.254476,0
        </coordinates>
      </LineString>
    </Placemark>
    <Placemark>
      <name/>
      <description><![CDATA[CreationDate   4/1/2024 4:42:16 PM    <br>   Creator   jhlebasko    <br>   EditDate   4/1/2024 4:42:16 PM    <br>   Editor   jhlebasko]]></description>
      <styleUrl>#line-01579B-2550</styleUrl>
      <LineString>
        <tessellate>1</tessellate>
        <coordinates>
          -111.850655,41.25411,0
          -111.850708,41.254088,0
        </coordinates>
      </LineString>
    </Placemark>
    <Placemark>
      <name>Current alignment to tanks</name>
      <styleUrl>#line-01579B-2550-nodesc</styleUrl>
      <LineString>
        <tessellate>1</tessellate>
        <coordinates>
          -111.924653,41.234344,0
          -111.924671,41.234252,0
          -111.924952,41.233597,0
          -111.925003,41.233317,0
          -111.925026,41.233249,0
          -111.925124,41.233137,0
          -111.925423,41.232961,0
          -111.925574,41.232838,0
          -111.925762,41.23265,0
          -111.925901,41.232439,0
          -111.925992,41.232283,0
          -111.926058,41.232169,0
          -111.926135,41.232038,0
          -111.926151,41.232014,0
          -111.926286,41.231837,0
          -111.926768,41.231321,0
          -111.927161,41.230897,0
          -111.927434,41.230664,0
          -111.927713,41.230586,0
          -111.928042,41.230557,0
          -111.928955,41.230382,0
          -111.929305,41.230178,0
          -111.929769,41.229725,0
          -111.930092,41.229137,0
          -111.930253,41.228326,0
          -111.930357,41.227971,0
          -111.930547,41.227528,0
          -111.930797,41.227242,0
          -111.930554,41.226327,0
          -111.9305,41.226319,0
          -111.930452,41.226301,0
          -111.930398,41.226267,0
          -111.930333,41.226216,0
          -111.930277,41.226161,0
          -111.93025,41.22611,0
          -111.930248,41.226038,0
          -111.930247,41.225839,0
        </coordinates>
      </LineString>
    </Placemark>
    <Placemark>
      <name>New alignment to tanks</name>
      <styleUrl>#line-01579B-2550-nodesc</styleUrl>
      <LineString>
        <tessellate>1</tessellate>
        <coordinates>
          -111.921601,41.237091,0
          -111.921934,41.236647,0
          -111.922116,41.23612,0
          -111.922914,41.235455,0
          -111.923466,41.235119,0
          -111.924031,41.23471,0
          -111.92438,41.234665,0
          -111.924552,41.234595,0
          -111.924643,41.234393,0
        </coordinates>
      </LineString>
    </Placemark>
    <Placemark>
      <name>NULL</name>
      <description><![CDATA[CreationDate   8/29/2024 4:46:05 PM    <br>   Creator   jhlebasko    <br>   EditDate   8/29/2024 4:46:05 PM    <br>   Editor   jhlebasko]]></description>
      <styleUrl>#line-01579B-2550</styleUrl>
      <LineString>
        <tessellate>1</tessellate>
        <coordinates>
          -111.808656,41.273048,0
          -111.808858,41.272484,0
        </coordinates>
      </LineString>
    </Placemark>
    <Placemark>
      <name>Pipeline Alignment</name>
      <styleUrl>#line-01579B-2550-nodesc</styleUrl>
      <LineString>
        <tessellate>1</tessellate>
        <coordinates>
          -111.850512,41.254174,0
          -111.849728,41.254606,0
          -111.848649,41.254806,0
          -111.847665,41.254817,0
          -111.846811,41.254833,0
          -111.846412,41.254847,0
          -111.845826,41.254849,0
          -111.845594,41.254829,0
          -111.845412,41.254801,0
          -111.84484,41.254648,0
          -111.844284,41.25451,0
          -111.84405,41.254671,0
          -111.843953,41.254717,0
          -111.8438,41.254736,0
          -111.843673,41.254758,0
          -111.843555,41.254775,0
          -111.843436,41.254802,0
          -111.842876,41.254856,0
          -111.842567,41.255143,0
          -111.842027,41.255374,16118.75
          -111.841915,41.255422,16120.43
          -111.841813,41.255465,16121.4
          -111.841752,41.255491,16121.85
          -111.841688,41.255516,16122.45
          -111.841624,41.255541,16123.06
          -111.841551,41.255568,16124.03
          -111.84148,41.255595,16125
          -111.841381,41.255631,16126.42
          -111.841285,41.255666,16127.85
          -111.841204,41.255693,16129.41
          -111.841077,41.255733,16131.41
          -111.840975,41.255767,16132.36
          -111.84088,41.255798,16133.68
          -111.840751,41.255839,16135.03
          -111.840684,41.255861,16135.69
          -111.84062,41.255882,16136.39
          -111.840525,41.255912,16137.74
          -111.839364,41.256287,0
          -111.838766,41.256563,0
          -111.83811,41.257077,0
          -111.836734,41.258269,0
          -111.836073,41.258584,0
          -111.835604,41.258701,0
          -111.834872,41.25874,0
          -111.833531,41.258785,0
          -111.831123,41.259254,0
          -111.829741,41.259788,0
          -111.828725,41.260276,0
          -111.828257,41.260626,0
          -111.826933,41.261839,0
          -111.825763,41.262956,0
          -111.825328,41.263864,0
          -111.824776,41.26563,4941.66
          -111.824456,41.265772,4934.52
          -111.824212,41.265873,4927.38
          -111.823933,41.265981,4921.62
          -111.823699,41.266083,4918.57
          -111.823403,41.266198,4917.52
          -111.823254,41.266256,4916.97
          -111.823067,41.266336,4912.8
          -111.822271,41.266659,4914.04
          -111.822163,41.266704,4913.69
          -111.822009,41.266795,4914.66
          -111.821611,41.267041,4919.58
          -111.821028,41.267406,4920.18
          -111.820448,41.267771,4918.76
          -111.820227,41.2679,4919.13
          -111.82004,41.267879,4918.58
          -111.819437,41.267859,4918.4
          -111.819173,41.267853,4916.05
          -111.819121,41.267866,4914.89
          -111.819092,41.26788,4914.44
          -111.819043,41.267898,4913.29
          -111.818991,41.267918,4911.93
          -111.81182,41.271393,0
          -111.811605,41.271376,0
          -111.811478,41.27154,0
          -111.811444,41.271541,0
          -111.811383,41.271548,0
          -111.811332,41.271551,0
          -111.811257,41.271556,0
          -111.811194,41.271557,0
          -111.811124,41.271559,0
          -111.811064,41.271556,0
          -111.811003,41.271553,0
          -111.810449,41.271589,0
          -111.809938,41.271563,0
          -111.809161,41.271521,0
          -111.809144,41.271579,0
          -111.809126,41.27164,0
          -111.809104,41.271711,0
          -111.809074,41.27181,0
          -111.809055,41.271871,0
          -111.809031,41.271951,0
          -111.809025,41.27197,0
          -111.809001,41.272044,0
          -111.808972,41.272131,0
          -111.808945,41.272205,0
          -111.808915,41.272297,0
          -111.808894,41.272364,0
          -111.808872,41.272438,0
          -111.808858,41.272484,0
        </coordinates>
      </LineString>
    </Placemark>
    <Placemark>
      <name>Current alignment to tanks</name>
      <styleUrl>#line-01579B-2550-nodesc</styleUrl>
      <LineString>
        <tessellate>1</tessellate>
        <coordinates>
          -111.924658,41.234392,0
          -111.924642,41.234545,0
          -111.924493,41.234651,0
          -111.924357,41.234698,0
          -111.924249,41.234726,0
          -111.924148,41.234758,0
          -111.923984,41.23483,0
          -111.923875,41.234902,0
          -111.923745,41.23499,0
          -111.923509,41.235161,0
          -111.92326,41.235347,0
          -111.923214,41.235382,0
          -111.923269,41.235434,0
          -111.923695,41.235874,0
          -111.923369,41.236114,0
          -111.923604,41.236372,0
          -111.92369,41.236469,0
          -111.923258,41.236703,0
          -111.92299,41.236818,0
          -111.922545,41.236957,0
          -111.922229,41.237048,0
          -111.922142,41.237067,0
        </coordinates>
      </LineString>
    </Placemark>
  </Document>
</kml>
